Sr_no,Aroma,Flavor,Aftertaste,Acidity,Body,Balance,Uniformity,Clean_Cup,Sweetness,Cupper_Points,Moisture,Quakers,Category_One_Defects,Category_Two_Defects,altitude_mean_meters,Total_Cup_Points
1,8.67,8.83,8.67,8.75,8.5,8.42,10,10,10,8.75,0.12,0,0,0,2075,90.58
2,8.75,8.67,8.5,8.58,8.42,8.42,10,10,10,8.58,0.12,0,0,1,2075,89.92
3,8.42,8.5,8.42,8.42,8.33,8.42,10,10,10,9.25,0,0,0,0,1700,89.75
4,8.17,8.58,8.42,8.42,8.5,8.25,10,10,10,8.67,0.11,0,0,2,2000,89
5,8.25,8.5,8.25,8.5,8.42,8.33,10,10,10,8.58,0.12,0,0,2,2075,88.83
6,8.58,8.42,8.42,8.5,8.25,8.33,10,10,10,8.33,0.11,0,0,1,1775.030545,88.83
7,8.42,8.5,8.33,8.5,8.25,8.25,10,10,10,8.5,0.11,0,0,0,1775.030545,88.75
8,8.25,8.33,8.5,8.42,8.33,8.5,10,10,9.33,9,0.03,0,0,0,1635,88.67
9,8.67,8.67,8.58,8.42,8.33,8.42,9.33,10,9.33,8.67,0.03,0,0,0,1635,88.42
10,8.08,8.58,8.5,8.5,7.67,8.42,10,10,10,8.5,0.1,0,0,4,1822.5,88.25
11,8.17,8.67,8.25,8.5,7.75,8.17,10,10,10,8.58,0.1,0,0,1,1905,88.08
12,8.25,8.42,8.17,8.33,8.08,8.17,10,10,10,8.5,0,0,0,0,1872,87.92
13,8.08,8.67,8.33,8.42,8,8.08,10,10,10,8.33,0,0,0,0,1943,87.92
14,8.33,8.42,8.08,8.25,8.25,8,10,10,10,8.58,0,0,0,2,609.6,87.92
15,8.25,8.33,8.5,8.25,8.58,8.75,9.33,10,9.33,8.5,0.05,0,0,2,1635,87.83
16,8,8.5,8.58,8.17,8.17,8,10,10,10,8.17,0,0,0,0,2080,87.58
17,8.33,8.25,7.83,7.75,8.5,8.42,10,10,10,8.33,0.03,0,0,0,1500,87.42
18,8.17,8.33,8.25,8.33,8.42,8.33,9.33,10,9.33,8.83,0.05,0,0,2,1775.030545,87.33
19,8.42,8.25,8.08,8.17,7.92,8,10,10,10,8.42,0.1,0,0,0,1450,87.25
20,8.17,8.17,8,8.17,8.08,8.33,10,10,10,8.33,0,0,0,8,1850,87.25
21,8,8.25,8.08,8.5,8.25,8,10,10,10,8.17,0,0,0,0,2019,87.25
22,8.08,8.25,8,8.17,8,8.33,10,10,10,8.33,0.11,0,0,2,1300,87.17
23,8.17,8.25,8.17,8,7.83,8.17,10,10,10,8.58,0.13,0,0,0,1320,87.17
24,8.25,8.33,8.17,8.17,7.83,8.17,10,10,10,8.17,0,0,0,0,2112,87.08
25,8.42,8.17,7.92,8.17,8.33,8,10,10,10,8.08,0.11,0,0,1,1775.030545,87.08
26,8.5,8.5,8,8,8,8,10,10,10,7.92,0.12,0,0,2,1250,86.92
27,7.83,8.25,8.08,8.17,8.17,8.17,10,10,10,8.25,0.05,0,0,2,1775.030545,86.92
28,8.42,8.17,8.17,8.17,7.83,7.92,10,10,10,8.17,0.12,0,0,1,1950,86.83
29,8.17,8.08,8.08,8,8.08,8,10,10,10,8.25,0.1,0,0,3,1400,86.67
30,8,8,8,8.25,8,8.17,10,10,10,8.17,0,0,0,0,1200,86.58
31,7.92,8.25,8,8.33,8,8.08,10,10,10,8,0.08,0,0,2,1775.030545,86.58
32,8.42,8.17,8.17,8,7.58,8,10,10,10,8.17,0.11,0,0,1,1775.030545,86.5
33,8.5,8.17,8,7.75,8,8,10,10,10,8,0.12,0,0,2,1300,86.42
34,8.17,7.83,8,8.08,7.83,8,10,10,10,8.42,0,0,0,0,1300,86.33
35,8,8.08,7.92,8,8.08,8.08,10,10,10,8.08,0.1,0,0,3,1775,86.25
36,8.08,8,8,8.25,7.92,7.92,10,10,10,8.08,0.12,0,0,1,1800,86.25
37,8.08,8.17,8,7.92,7.92,7.83,10,10,10,8.33,0,0,1,4,1775.030545,86.25
38,8.25,8.42,8.08,7.75,7.67,7.83,10,10,10,8.25,0,0,2,1,1775.030545,86.25
39,7.92,7.75,8.08,8.08,8.08,8.17,10,10,10,8.17,0.1,0,0,2,1775.030545,86.25
40,7.67,8.17,8,8,8.17,8.08,10,10,10,8.08,0,0,0,0,1941,86.17
41,7.83,8.33,7.83,8.25,7.58,7.92,10,10,10,8.42,0.1,0,1,9,1300,86.17
42,8.17,7.92,7.92,7.75,8.33,8,10,10,10,8.08,0.08,0,0,2,12,86.17
43,8.42,7.92,8,7.75,7.92,8,10,10,10,8.17,0.01,0,0,3,12,86.17
44,8.08,8.17,7.75,8.08,7.75,7.83,10,10,10,8.42,0.12,0,0,0,1000,86.08
45,8.08,8.08,8,8,7.83,8.08,10,10,10,8,0.11,0,0,2,1754,86.08
46,8.33,8,8,8,7.75,8,10,10,10,8,0.11,0,0,2,1250,86.08
47,8.08,8.08,7.83,7.92,8.08,7.92,10,10,10,8.08,0,0,0,0,1775.030545,86
48,7.75,7.92,7.83,8.08,8.08,8.17,10,10,10,8.17,0.12,0,1,1,1200,86
49,7.92,8.17,7.83,8.5,7.5,7.92,10,10,10,8.17,0.11,0,0,1,1860,86
50,8.25,8,7.83,8.08,8,7.92,10,10,10,7.92,0.1,0,0,0,1650,86
51,7.75,8.08,8,8.25,8,8,10,10,10,7.92,0.01,0,0,4,1750,86
52,8.33,8.17,7.75,8,7.75,7.83,10,10,10,8.17,0,0,0,0,426.72,86
53,7.92,8.08,7.92,8.08,8.08,7.83,10,10,10,8,0.1,1,0,3,1775.030545,85.92
54,8.17,8.17,7.92,8.08,7.83,7.75,10,10,10,8,0.12,0,0,0,1650,85.92
55,8,8,8,8.17,7.83,8,10,10,10,7.92,0,0,1,0,1800,85.92
56,8,8,7.92,8.08,7.83,8,10,10,10,8,0.08,1,0,0,1600,85.83
57,7.83,8.08,7.92,8.08,8,7.92,10,10,10,8,0.1,0,0,4,1900,85.83
58,7.83,8,8,8.17,7.83,8,10,10,10,8,0.12,0,0,3,1524,85.83
59,8,8,7.83,8.33,7.83,7.83,10,10,10,8,0.1,0,0,1,1417.32,85.83
60,7.83,8,7.83,8.17,7.92,8,10,10,10,8,0.09,4,0,7,1775.030545,85.75
61,8,8,8,8.08,7.92,7.75,10,10,10,8,0.1,0,4,6,1775.030545,85.75
62,8.33,8.42,7.83,8.33,8,8.25,9.33,9.33,10,7.92,0.12,0,0,1,1700,85.75
63,7.92,8.17,8,7.92,7.75,7.83,10,10,10,8,0.1,0,0,3,1500,85.58
64,7.83,8,8,7.75,7.92,8.17,10,10,10,7.92,0.11,0,0,0,1350,85.58
65,7.83,8,7.92,7.75,8.08,8,10,10,10,8,0,0,0,1,1775.030545,85.58
66,8,7.75,7.83,7.83,7.67,8.58,10,10,10,7.83,0.09,0,2,2,1680,85.5
67,7.92,7.92,7.83,8.08,7.83,7.92,10,10,10,8,0.1,0,0,3,1900,85.5
68,7.83,8,7.83,7.92,7.83,8.08,10,10,10,8,0.12,0,0,7,1900,85.5
69,8.33,7.92,7.67,7.92,7.67,7.92,10,10,10,8.08,0.12,0,0,1,1600,85.5
70,8,7.83,7.67,8.33,7.83,8,10,10,10,7.83,0.11,0,0,1,1731.264,85.5
71,7.75,7.83,7.83,8.17,7.92,7.83,10,10,10,8.08,0.1,0,0,18,1900,85.42
72,8.08,8,7.83,7.67,8,7.83,10,10,10,8,0.12,0,0,5,1950,85.42
73,7.92,7.92,7.75,7.92,7.75,7.92,10,10,10,8.25,0,0,4,6,1775.030545,85.42
74,8,8,8,7.67,7.75,8,10,10,10,8,0.11,0,0,1,1250,85.42
75,8.08,7.83,7.83,8.08,7.83,7.83,10,10,10,7.92,0.01,0,0,0,1400,85.42
76,8,8,8,7.83,7.83,7.75,10,10,10,7.92,0.1,0,0,0,1700,85.33
77,7.83,7.75,7.83,7.67,7.83,8.58,10,10,10,7.83,0.11,0,0,1,1770,85.33
78,7.92,8.08,8,7.92,8,8.08,10,10,9.33,8,0,0,0,0,1300,85.33
79,8,7.58,7.58,7.67,8.08,8.5,10,10,10,7.92,0.1,0,0,2,1300,85.33
80,7.83,8.08,7.75,8.08,7.92,7.75,10,10,10,7.92,0,0,0,2,1600,85.33
81,8,7.92,7.92,8.08,7.83,7.75,10,10,10,7.83,0,0,0,6,1200,85.33
82,7.83,7.83,7.92,8.08,7.75,7.83,10,10,10,8.08,0.05,0,0,2,1775.030545,85.33
83,7.92,7.83,7.75,8.33,7.75,7.75,10,10,10,8,0.1,0,0,3,1775.030545,85.33
84,8,7.92,7.75,8,7.92,7.83,10,10,10,7.83,0.1,2,0,2,1775.030545,85.25
85,8.17,7.92,7.83,8,7.58,7.83,10,10,10,7.92,0.11,0,0,0,1550,85.25
86,7.58,8.08,7.92,7.83,8,7.92,10,10,10,7.92,0.12,0,0,2,1550,85.25
87,7.75,7.83,7.67,8,8.08,7.83,10,10,10,8,0.11,0,0,3,1325,85.17
88,8.25,8,7.67,7.92,7.75,7.67,10,10,10,7.92,0,0,0,7,1400,85.17
89,7.75,8,7.58,8,8,7.92,10,10,10,7.83,0.11,1,0,8,1775.030545,85.08
90,8.17,7.83,7.58,8.08,8,7.75,10,10,10,7.67,0,0,0,0,2560,85.08
91,8.42,8,7.42,8,7.92,7.92,9.33,10,10,8.08,0.1,0,2,7,1700,85.08
92,7.58,7.83,7.83,7.92,7.83,8.17,10,10,10,7.92,0.11,0,2,2,1775.030545,85.08
93,7.83,8,7.75,7.75,7.83,7.83,10,10,10,8.08,0.11,0,0,8,2136,85.08
94,8.08,8.17,7.92,8,8.08,8,9.33,9.33,10,8.17,0.01,0,1,7,1775.030545,85.08
95,7.67,8,7.83,8,7.92,7.83,10,10,10,7.83,0,0,0,5,1775.030545,85.08
96,7.5,7.92,8.25,7.83,7.92,7.75,10,10,10,7.92,0,0,0,0,1775.030545,85.08
97,8.17,7.92,7.75,7.75,7.67,7.75,10,10,10,8,0.11,0,0,1,1800,85
98,8,7.92,7.75,7.92,7.75,7.83,10,10,10,7.83,0,0,0,3,1775.030545,85
99,7.83,8,7.58,7.92,7.92,7.83,10,10,10,7.92,0.12,1,1,1,1900,85
100,7.83,8,7.83,7.75,7.67,7.83,10,10,10,8.08,0.09,0,0,3,1300,85
101,8.17,7.83,7.92,7.75,7.67,7.83,10,10,10,7.83,0.11,5,0,7,1,85
102,7.75,7.83,7.75,8.08,8,7.75,10,10,10,7.83,0,0,0,5,1580,85
103,8,8,7.83,7.83,7.67,7.67,10,10,10,8,0.12,0,0,3,1100,85
104,7.92,8.17,7.75,8.08,7.42,7.83,10,10,10,7.83,0,0,0,0,1400,85
105,7.75,7.92,7.75,7.75,8,8,10,10,10,7.83,0,0,0,1,1775.030545,85
106,7.83,8.08,7.67,8,7.75,7.67,10,10,10,8,0.04,0,0,1,1325.88,85
107,7.92,7.92,7.67,7.83,7.92,7.83,10,10,10,7.83,0,6,1,2,1775.030545,84.92
108,7.92,7.83,7.75,7.83,7.75,8,10,10,10,7.83,0.12,0,0,1,1775,84.92
109,7.67,7.83,8,7.58,8,7.92,10,10,10,7.92,0.11,0,0,0,800,84.92
110,8,7.83,7.83,7.92,7.75,7.75,10,10,10,7.83,0.12,0,0,2,1620,84.92
111,7.75,7.92,7.83,7.75,7.75,8,10,10,10,7.92,0.11,0,0,3,1775,84.92
112,7.75,8,7.75,7.83,7.5,7.92,10,10,10,8.17,0.11,0,0,0,1200,84.92
113,8,7.92,7.75,7.75,8,7.75,10,10,10,7.75,0.11,0,0,2,1200,84.92
114,8,8,7.75,8,7.5,7.75,10,10,10,7.92,0.12,0,0,2,1000,84.92
115,8,7.67,7.83,8.17,7.92,7.75,10,10,10,7.58,0.06,0,1,9,1775.030545,84.92
116,7.92,7.58,7.83,7.83,7.83,7.83,10,10,10,8,0,0,0,0,350,84.83
117,7.75,7.92,7.67,7.67,8.25,7.75,10,10,10,7.83,0.12,0,0,1,1650,84.83
118,7.67,7.75,7.75,7.75,7.83,8,10,10,10,8.08,0,0,3,15,1775.030545,84.83
119,7.75,7.92,7.83,7.92,7.75,7.67,10,10,10,8,0.1,0,0,2,1750,84.83
120,7.42,7.92,7.92,8,7.83,7.83,10,10,10,7.92,0.1,0,0,4,1750,84.83
121,7.75,7.75,7.75,7.75,8,7.75,10,10,10,8,0.12,0,0,0,1775.030545,84.75
122,7.92,7.83,7.58,7.92,7.75,7.83,10,10,10,7.92,0.13,0,0,0,1800,84.75
123,7.83,7.75,8,7.67,7.67,7.67,10,10,10,8.17,0.11,0,0,4,1450,84.75
124,7.75,8,8,8.33,7.67,7.92,10,10,9.33,7.75,0.15,0,0,3,1200,84.75
125,7.83,7.58,7.58,7.83,7.75,7.67,10,10,10,8.5,0.18,0,0,2,925,84.75
126,7.83,7.83,7.5,8,7.83,7.67,10,10,10,8,0,0,0,2,1350,84.67
127,7.92,7.83,7.75,7.75,7.75,7.75,10,10,10,7.92,0.12,0,0,7,1200,84.67
128,7.75,7.75,7.75,7.42,8.08,7.83,10,10,10,8.08,0.12,0,0,0,170,84.67
129,8.08,7.75,7.67,7.83,7.5,7.92,10,10,10,7.92,0.1,0,0,2,1150,84.67
130,7.75,7.83,7.58,8,7.92,7.75,10,10,10,7.83,0.1,0,0,1,1600,84.67
131,8.17,8,7.83,7.17,7.83,7.75,10,10,10,7.92,0.12,0,0,0,1750,84.67
132,8.08,7.83,7.75,7.83,7.58,7.67,10,10,10,7.92,0.1,0,0,3,1900,84.67
133,7.67,7.58,7.75,7.75,7.67,8.58,10,10,10,7.67,0.08,0,0,1,1750,84.67
134,8,7.58,7.83,7.75,7.75,7.75,10,10,10,8,0.11,0,0,4,1200,84.67
135,8.08,7.83,7.75,7.83,7.92,8,10,10,9.33,7.92,0,0,1,10,1775.030545,84.67
136,8,7.92,7.75,7.75,7.75,7.75,10,10,10,7.75,0.11,0,0,0,1000,84.67
137,7.75,7.83,7.75,7.83,7.75,7.83,10,10,10,7.92,0,0,0,0,1550,84.67
138,7.75,7.92,7.83,8,7.58,7.75,10,10,10,7.83,0.11,0,0,0,2000,84.67
139,8,7.83,7.67,7.83,7.67,8,10,10,10,7.67,0.11,0,0,4,1310.64,84.67
140,7.67,7.83,7.67,8,7.67,7.83,10,10,10,8,0.12,0,0,4,1524,84.67
141,7.83,7.58,7.67,7.92,7.92,7.83,10,10,10,7.92,0.13,0,0,3,1200,84.67
142,7.92,7.83,7.75,7.92,7.67,7.75,10,10,10,7.83,0.11,0,0,3,1775,84.67
143,7.67,7.83,7.75,7.75,7.92,7.83,10,10,10,7.92,0,0,0,3,1775.030545,84.67
144,7.42,7.75,7.75,8,8,7.92,10,10,10,7.83,0.2,0,0,3,1750,84.67
145,7.92,7.75,7.83,7.75,7.58,7.92,10,10,10,7.83,0.11,0,0,5,1754,84.58
146,7.83,7.67,7.58,7.92,7.67,7.83,10,10,10,8.08,0,0,0,4,1500,84.58
147,7.92,7.83,7.58,8,7.83,7.67,10,10,10,7.75,0,1,0,5,1775.030545,84.58
148,7.83,7.83,7.83,7.75,7.58,7.83,10,10,10,7.92,0.1,0,0,2,1800,84.58
149,7.75,7.83,7.67,7.92,7.75,7.83,10,10,10,7.83,0.11,0,0,1,1524,84.58
150,8,7.92,7.67,7.58,7.58,7.67,10,10,10,8.17,0.09,0,0,0,1219.2,84.58
151,7.67,7.67,7.58,7.75,7.58,8.5,10,10,10,7.83,0,0,0,0,1550,84.58
152,7.75,7.75,7.83,7.75,7.58,8,10,10,10,7.92,0,0,0,5,1750,84.58
153,7.75,7.75,7.75,8.08,7.75,7.75,10,10,10,7.75,0,0,0,0,1775.030545,84.58
154,7.67,7.83,7.83,8,7.58,7.92,10,10,10,7.75,0,0,0,2,1750,84.58
155,7.75,7.83,7.75,8,7.83,7.67,10,10,10,7.75,0.12,0,0,2,1575,84.58
156,7.42,7.67,7.75,7.75,8.08,7.83,10,10,10,8.08,0.11,0,0,6,1800,84.58
157,8,8,7.75,7.75,7.58,7.75,10,10,10,7.75,0.12,0,0,2,1300,84.58
158,8.5,8,7.5,7.75,7.5,7.83,10,10,10,7.5,0.11,0,0,1,1100,84.58
159,7.92,7.67,7.92,7.75,7.67,7.58,10,10,10,8,0.1,0,0,2,1200,84.5
160,7.92,7.75,7.67,7.75,7.83,7.75,10,10,10,7.83,0.11,0,0,1,1750,84.5
161,7.75,7.92,7.67,7.83,7.75,7.67,10,10,10,7.92,0.1,0,0,1,1680,84.5
162,7.92,7.83,7.83,7.83,7.58,7.58,10,10,10,7.92,0.11,0,0,0,1700,84.5
163,8.08,7.67,7.83,7.83,7.67,7.67,10,10,10,7.75,0.12,0,1,0,1800,84.5
164,7.67,8,7.75,7.83,7.75,7.58,10,10,10,7.92,0,0,0,2,1100,84.5
165,8.17,7.83,7.67,7.83,7.67,7.83,10,10,10,7.5,0.11,0,0,2,1310.64,84.5
166,7.92,7.83,7.67,8,7.67,7.75,10,10,10,7.67,0.11,0,0,0,2000,84.5
167,8,7.92,7.42,8.08,7.5,7.67,10,10,10,7.92,0.12,0,0,0,1350,84.5
168,7.92,7.83,7.75,7.75,7.75,7.83,10,10,10,7.67,0.11,0,0,4,1500,84.5
169,7.67,8,7.67,8,7.5,7.83,10,10,10,7.83,0.11,0,0,2,1775.030545,84.5
170,7.81,7.81,7.88,7.75,7.38,8.25,9.5,10,10,8.13,0,0,0,4,1775.030545,84.5
171,8.17,7.67,7.75,7.75,7.67,7.75,10,10,10,7.75,0,0,2,0,1775.030545,84.5
172,7.58,7.83,7.83,8,7.67,7.58,10,10,10,7.92,0.1,0,0,3,1300,84.42
173,7.67,7.67,7.83,7.58,7.83,7.83,10,10,10,8,0,0,0,3,1400,84.42
174,7.92,7.83,7.75,7.67,7.92,7.67,10,10,10,7.67,0,0,0,1,1775.030545,84.42
175,7.92,7.75,7.67,7.92,7.67,7.75,10,10,10,7.75,0,0,0,3,1775,84.42
176,7.83,7.83,7.75,8,7.5,7.75,10,10,10,7.75,0.11,0,0,0,1200,84.42
177,7.92,7.92,7.5,7.83,7.5,7.92,10,10,10,7.83,0.11,0,0,1,1775.030545,84.42
178,7.75,7.92,7.75,7.67,7.83,7.67,10,10,10,7.83,0.12,0,2,4,900,84.42
179,7.5,7.75,7.83,7.92,7.92,7.75,10,10,10,7.75,0.2,0,0,2,1775.030545,84.42
180,7.33,7.58,7.83,7.75,7.75,7.92,10,10,10,8.17,0.11,0,0,4,1800,84.33
181,7.92,8,7.75,7.67,7.67,7.75,10,10,10,7.58,0.1,0,0,3,1500,84.33
182,7.58,7.75,7.5,7.83,7.67,8.5,10,10,10,7.5,0,3,0,5,1775.030545,84.33
183,7.58,7.92,7.58,7.75,7.92,7.75,10,10,10,7.83,0.11,1,0,2,1500,84.33
184,7.67,7.67,7.75,7.83,7.75,7.83,10,10,10,7.83,0,2,0,4,1775.030545,84.33
185,7.75,7.67,8,7.67,8.08,7.83,10,10,10,7.33,0.11,0,6,0,442,84.33
186,7.75,7.58,7.33,7.83,7.58,8.08,10,10,10,8.17,0,0,0,0,1800,84.33
187,8,7.75,7.75,7.83,7.5,7.67,10,10,10,7.83,0.12,0,0,1,1700,84.33
188,8.17,8,7.5,7.75,7.5,7.67,10,10,10,7.75,0,0,0,4,1275,84.33
189,8,8,7.5,7.5,7.67,7.75,10,10,10,7.92,0.02,0,0,2,1050,84.33
190,7.75,7.75,7.92,7.75,7.5,7.92,10,10,10,7.75,0,0,0,1,1493.52,84.33
191,7.5,7.67,7.75,7.67,7.92,7.92,10,10,10,7.92,0.04,0,1,1,1386.84,84.33
192,7.92,7.75,7.75,7.67,7.67,7.83,10,10,10,7.67,0.12,0,0,0,1000,84.25
193,7.83,7.75,7.75,7.42,7.83,7.67,10,10,10,8,0.12,0,0,0,1200,84.25
194,7.83,7.58,7.75,7.58,7.67,8,10,10,10,7.83,0.11,0,0,2,2560,84.25
195,7.75,7.75,7.58,7.92,7.75,7.75,10,10,10,7.75,0.11,4,0,4,1500,84.25
196,7.75,7.92,7.5,8.08,7.58,7.67,10,10,10,7.75,0.1,0,0,1,1099.4136,84.25
197,7.83,7.83,7.58,7.75,7.75,7.75,10,10,10,7.75,0.1,0,0,1,1400,84.25
198,7.67,7.67,7.75,7.75,7.67,7.92,10,10,10,7.83,0.11,0,0,3,1775,84.25
199,7.83,7.67,7.75,7.58,7.92,7.75,10,10,10,7.75,0.12,0,4,2,1775,84.25
200,7.83,7.75,7.83,7.58,7.67,7.75,10,10,10,7.83,0.12,0,0,0,1800,84.25
201,7.42,7.67,7.83,7.75,7.92,7.83,10,10,10,7.83,0.12,0,3,0,442,84.25
202,7.83,7.67,7.75,7.83,7.67,7.67,10,10,10,7.83,0.12,0,0,7,1620,84.25
203,7.83,7.75,7.75,7.75,7.67,7.75,10,10,10,7.75,0.12,0,0,2,1600,84.25
204,7.83,7.83,7.5,7.92,7.58,7.75,10,10,10,7.83,0.1,0,0,1,1219.2,84.25
205,7.58,7.5,7.75,7.83,7.92,7.83,10,10,10,7.83,0.11,0,0,2,1700,84.25
206,7.33,7.92,7.92,7.92,7.92,8.08,10,10,9.33,7.83,0.11,0,1,1,1775.030545,84.25
207,7.83,7.92,7.67,7.83,7.5,7.75,10,10,10,7.75,0.12,0,0,1,1450,84.25
208,7.83,7.83,7.75,7.67,7.83,7.58,10,10,10,7.75,0.12,0,0,0,1170,84.25
209,7.83,7.92,7.67,7.75,7.5,7.75,10,10,10,7.83,0.1,0,0,4,1400,84.25
210,8.17,7.75,7.58,7.67,7.83,7.58,10,10,10,7.67,0.13,0,4,29,1700,84.25
211,7.75,7.83,7.58,7.83,7.67,7.75,10,10,10,7.75,0.13,0,0,1,1700,84.17
212,7.83,7.75,7.58,7.67,7.75,7.83,10,10,10,7.75,0,0,0,2,1775.030545,84.17
213,7.92,7.75,7.67,7.67,7.5,7.67,10,10,10,8,0.09,0,0,2,1700,84.17
214,7.75,7.75,7.58,8,7.67,7.83,10,10,10,7.58,0.11,0,0,6,1116.7872,84.17
215,7.75,7.92,7.58,7.92,7.67,7.67,10,10,10,7.67,0.1,1,0,10,1565,84.17
216,7.58,7.83,7.58,7.83,7.83,7.67,10,10,10,7.83,0.1,0,0,2,3280,84.17
217,8,7.5,7.5,7.67,8,7.83,10,10,10,7.67,0,0,0,0,1775,84.17
218,7.67,7.83,7.83,7.5,7.67,7.83,10,10,10,7.83,0.12,0,0,0,1000,84.17
219,7.67,7.75,7.75,7.67,7.83,7.75,10,10,10,7.75,0,0,0,16,1150,84.17
220,7.67,7.75,7.67,7.75,7.5,8,10,10,10,7.83,0,0,0,0,1850,84.17
221,7.5,7.92,7.58,7.83,7.75,7.83,10,10,10,7.75,0.1,0,0,5,1606.5,84.17
222,7.92,7.75,7.75,7.75,7.75,7.58,10,10,10,7.67,0.13,0,0,0,1400,84.17
223,7.67,7.5,7.67,7.42,7.83,8.58,10,10,10,7.5,0.12,0,0,4,1530,84.17
224,7.67,7.75,7.67,7.75,7.75,7.75,10,10,10,7.83,0.11,0,0,0,1775.030545,84.17
225,7.58,7.75,7.75,7.75,7.75,7.83,10,10,10,7.75,0.08,0,0,0,250.5,84.17
226,7.58,7.83,7.75,7.67,7.67,8,10,10,10,7.67,0.11,0,0,3,1038.5,84.17
227,7.92,7.75,7.67,7.67,7.83,7.92,10,10,10,7.42,0.11,0,0,4,1310.64,84.17
228,8.42,8.08,7.5,7.17,7.58,8.17,9.33,10,10,7.92,0.11,0,0,2,1500,84.17
229,7.75,7.75,7.75,7.75,7.83,7.75,10,10,10,7.58,0,0,0,2,1750,84.17
230,7.83,7.5,7.5,8,7.83,7.83,10,10,10,7.67,0.11,0,0,2,1775.030545,84.17
231,7.83,7.75,7.5,7.83,7.83,7.75,10,10,10,7.67,0.11,0,0,1,1600,84.17
232,7.81,7.88,7.56,7.75,7.63,7.75,10,10,10,7.75,0.12,0,0,0,1775.030545,84.13
233,7.83,7.5,7.42,7.5,7.83,8.5,10,10,10,7.5,0,3,1,3,442,84.08
234,7.58,7.67,7.67,7.67,7.75,7.83,10,10,10,7.92,0.1,0,0,4,968,84.08
235,8,7.75,7.5,7.58,7.92,7.67,10,10,10,7.67,0.1,0,0,4,1775.030545,84.08
236,7.92,7.75,7.67,7.75,7.67,7.67,10,10,10,7.67,0,0,0,2,1775,84.08
237,7.58,7.75,7.67,8,7.75,7.67,10,10,10,7.67,0.1,0,0,10,1550,84.08
238,7.83,7.75,7.83,7.83,7.42,8.08,9.33,10,10,8,0.11,0,1,9,1775.030545,84.08
239,7.67,7.75,7.67,7.75,7.67,7.75,10,10,10,7.83,0.11,0,1,10,1480,84.08
240,7.92,7.92,7.83,8,7.92,7.92,10,10,8.67,7.92,0.09,0,0,15,1800,84.08
241,7.58,7.75,7.67,7.75,7.83,7.75,10,10,10,7.67,0.08,2,1,13,1775.030545,84
242,7.83,7.75,7.67,7.75,7.33,7.75,10,10,10,7.92,0.11,11,3,1,1800,84
243,7.42,7.83,7.75,7.92,7.75,7.58,10,10,10,7.75,0.1,0,0,5,1500,84
244,7.67,7.83,7.58,7.92,7.75,7.67,10,10,10,7.58,0.12,0,0,7,1706.88,84
245,7.67,7.67,7.83,7.58,7.58,7.83,10,10,10,7.83,0.11,0,2,7,1600,84
246,7.92,7.67,7.42,7.92,7.75,7.83,10,10,10,7.5,0.1,0,0,1,1219.2,84
247,7.75,7.83,7.5,7.83,7.58,7.67,10,10,10,7.83,0.1,0,0,0,1219.2,84
248,7.67,7.75,7.67,7.67,7.67,7.75,10,10,10,7.83,0.12,0,0,0,1480,84
249,7.58,7.42,7.75,7.92,7.75,7.92,10,10,10,7.67,0.12,0,0,0,1450,84
250,7.67,7.67,7.5,7.5,7.67,7.67,10,10,10,8.33,0.12,0,0,3,1775,84
251,7.75,7.75,7.5,7.58,7.67,7.92,10,10,10,7.83,0.09,0,4,40,1550,84
252,7.58,7.83,7.67,7.25,8,7.75,10,10,10,7.92,0.1,0,0,0,1260,84
253,7.67,7.83,7.67,7.75,7.67,7.75,10,10,10,7.67,0.11,0,0,1,1700,84
254,7.67,7.83,7.5,7.75,7.92,7.67,10,10,10,7.67,0,0,0,2,1200,84
255,7.92,8.17,8.17,8.42,8.08,8.17,8.67,8.67,9.33,8.42,0.12,0,0,0,1775.030545,84
256,7.67,7.75,7.67,7.75,7.83,7.67,10,10,10,7.67,0,0,0,0,1650,84
257,7.92,7.75,7.58,7.67,7.67,7.83,10,10,10,7.58,0.1,0,10,26,1700,84
258,7.58,7.75,7.58,7.75,7.58,7.75,10,10,10,8,0.06,0,0,0,1775.030545,84
259,7.5,7.75,7.58,7.5,7.58,7.5,10,10,10,8.5,0,0,0,3,890,83.92
260,7.83,7.83,7.58,7.92,7.42,7.5,10,10,10,7.83,0.11,0,0,5,1300,83.92
261,7.67,7.75,7.5,7.67,7.67,7.83,10,10,10,7.83,0.1,0,0,1,1350,83.92
262,7.58,7.67,7.67,7.75,7.58,7.83,10,10,10,7.83,0.11,2,0,7,934,83.92
263,7.83,7.75,7.83,7.75,7.83,7.75,9.33,10,10,7.83,0.11,0,0,3,1200,83.92
264,7.75,7.67,7.5,7.75,7.83,7.75,10,10,10,7.67,0.11,0,1,2,442,83.92
265,7.75,7.58,7.5,7.83,7.75,7.92,10,10,10,7.58,0,3,1,5,1775.030545,83.92
266,7.75,7.75,7.58,7.75,7.75,7.67,10,10,10,7.67,0,0,0,0,1775.030545,83.92
267,7.92,7.67,7.5,7.83,7.58,7.67,10,10,10,7.75,0,0,0,0,1775.030545,83.92
268,7.83,7.75,7.58,7.58,7.75,7.75,10,10,10,7.67,0,0,1,1,1775.030545,83.92
269,7.75,7.58,7.67,7.83,7.83,7.67,10,10,10,7.58,0,0,0,1,1775,83.92
270,8,7.92,7.92,7.92,7.67,7.33,10,10,10,7.17,0.06,0,0,0,950,83.92
271,7.67,7.83,7.67,7.75,7.67,7.83,10,10,10,7.5,0.12,0,0,3,1550,83.92
272,7.67,7.75,7.58,7.67,7.75,7.83,10,10,10,7.67,0.12,0,10,32,900,83.92
273,7.5,7.67,7.58,7.83,7.75,7.75,10,10,10,7.83,0.11,0,0,2,1500,83.92
274,7.75,7.92,7.83,7.92,7.75,7.67,9.33,10,10,7.75,0,0,0,2,1400,83.92
275,7.92,7.58,7.5,7.83,7.58,7.67,10,10,10,7.75,0,0,1,6,2527,83.83
276,7.83,7.67,7.5,7.75,7.75,7.75,10,10,10,7.58,0,2,1,0,1775.030545,83.83
277,7.67,7.67,7.75,7.67,7.5,7.75,10,10,10,7.83,0,0,0,0,1850,83.83
278,7.75,7.75,7.5,7.75,7.83,7.58,10,10,10,7.67,0.11,7,0,6,1500,83.83
279,7.75,7.67,7.5,7.75,7.75,7.67,10,10,10,7.75,0,0,0,0,1200,83.83
280,7.25,7.58,7.42,8,7.75,7.83,10,10,10,8,0,0,0,0,1,83.83
281,7.67,7.75,7.67,7.75,7.42,7.75,10,10,10,7.83,0,0,0,1,525,83.83
282,7.75,7.75,7.67,7.67,7.58,7.67,10,10,10,7.75,0.12,0,0,4,1676.5,83.83
283,7.67,7.67,7.58,7.5,7.83,8.17,10,10,9.33,8.08,0,0,0,1,1200,83.83
284,7.83,7.42,7.5,7.83,7.75,7.83,10,10,10,7.67,0.1,0,0,3,1300,83.83
285,7.58,7.83,7.33,8,7.58,7.75,10,10,10,7.75,0.1,0,0,1,1219.2,83.83
286,7.92,7.5,7.33,7.67,8.17,7.5,10,10,10,7.75,0.1,0,0,0,1260,83.83
287,7.5,7.67,7.58,7.75,7.83,7.83,10,10,10,7.67,0.09,0,0,0,800,83.83
288,7.67,7.58,7.58,7.83,7.58,7.67,10,10,10,7.92,0.11,0,0,1,1750,83.83
289,7.5,7.83,7.5,7.83,7.83,7.67,10,10,10,7.67,0.11,0,0,3,1310.64,83.83
290,7.67,8,7.67,7.42,7.67,7.5,10,10,10,7.92,0.1,0,0,2,1218,83.83
291,7.67,7.58,7.5,7.75,7.75,7.75,10,10,10,7.83,0.11,0,0,4,1300,83.83
292,7.83,7.83,7.58,7.67,7.5,7.58,10,10,10,7.83,0.12,0,0,3,1250,83.83
293,7.75,7.75,7.58,8,7.67,7.58,10,10,10,7.5,0.02,0,0,2,1499.9208,83.83
294,7.5,7.83,7.58,7.58,7.75,7.83,10,10,10,7.75,0.01,0,0,0,1775.030545,83.83
295,7.58,7.83,7.58,8,7.83,7.5,10,10,10,7.5,0.1,0,0,3,1775.030545,83.83
296,7.75,7.58,7.5,7.58,7.75,7.75,10,10,10,7.83,0.11,0,0,2,1800,83.75
297,7.67,7.67,7.58,7.75,7.67,7.67,10,10,10,7.75,0.11,0,0,5,890,83.75
298,7.83,7.83,7.58,7.58,7.58,7.58,10,10,10,7.75,0.11,0,0,1,442,83.75
299,7.67,7.67,7.58,7.58,7.67,7.83,10,10,10,7.75,0,0,0,0,750,83.75
300,7.92,7.75,7.5,7.67,7.75,7.5,10,10,10,7.67,0,0,1,4,1775.030545,83.75
301,7.83,7.75,7.67,7.5,7.58,7.67,10,10,10,7.75,0.1,1,0,2,1650,83.75
302,7.75,7.67,7.5,7.67,7.58,7.83,10,10,10,7.75,0,0,0,0,442,83.75
303,8,7.92,7.58,7.75,7.33,7.5,10,10,10,7.67,0.12,0,0,0,1400,83.75
304,7.83,7.83,7.83,7.67,8,8.17,9.33,9.33,10,7.75,0.12,0,0,1,853.44,83.75
305,7.67,7.67,7.67,7.92,7.5,7.67,10,10,10,7.67,0,0,0,5,1775,83.75
306,7.67,7.42,7.42,7.42,8,8.33,10,10,10,7.5,0,0,0,3,1550,83.75
307,7.58,7.67,7.75,7.67,7.67,7.67,10,10,10,7.75,0,0,0,1,1750,83.75
308,7.75,7.67,7.75,7.58,7.42,8,10,10,10,7.58,0.11,0,0,3,1750,83.75
309,7.25,7.42,7.67,7.58,7.83,8.25,10,10,10,7.75,0,0,0,0,1775.030545,83.75
310,7.83,7.58,7.58,7.5,7.75,7.67,10,10,10,7.83,0.13,0,5,5,700,83.75
311,7.67,7.58,7.58,7.67,7.75,7.75,10,10,10,7.75,0.11,0,0,1,1300,83.75
312,7.83,7.83,7.58,7.33,7.42,7.67,10,10,10,8.08,0.1,0,0,1,1600,83.75
313,7.75,7.67,7.25,7.25,7.58,8.5,10,10,10,7.75,0.06,0,0,1,1600,83.75
314,7.83,7.67,7.75,7.67,7.58,7.5,10,10,10,7.75,0,0,0,0,1775.030545,83.75
315,7.67,7.83,7.5,7.67,7.67,7.5,10,10,10,7.83,0.11,0,0,2,890,83.67
316,8.08,7.67,7.67,7.58,7.25,7.67,10,10,10,7.75,0.11,0,0,0,1700,83.67
317,7.5,7.5,7.67,7.67,8,8,10,10,10,7.33,0.1,0,0,2,1400,83.67
318,7.67,7.75,7.67,7.67,7.83,7.58,10,10,10,7.5,0.1,0,0,3,1250,83.67
319,7.58,7.75,7.58,7.75,7.58,7.58,10,10,10,7.83,0.11,2,0,3,934,83.67
320,7.5,7.67,7.33,7.92,7.83,7.67,10,10,10,7.75,0.1,0,0,0,1200,83.67
321,7.33,7.67,7.67,7.5,7.67,7.5,10,10,10,8.33,0.11,0,0,1,1350,83.67
322,7.5,7.75,7.58,7.83,7.67,7.58,10,10,10,7.75,0.12,0,0,0,800,83.67
323,7.5,7.75,7.5,7.75,7.67,7.67,10,10,10,7.83,0.11,0,0,4,1625,83.67
324,8,7.5,7.33,8,8,8,9.33,10,10,7.5,0.1,0,0,0,1356.6648,83.67
325,7.83,7.75,7.67,7.58,7.58,7.67,10,10,10,7.58,0,0,0,3,1750,83.67
326,7.67,7.67,7.67,7.67,7.33,7.75,10,10,10,7.92,0,0,0,1,1900,83.67
327,7.67,7.67,7.42,7.67,8,7.75,10,10,10,7.5,0.12,0,1,3,1310.64,83.67
328,7.83,7.67,7.33,7.67,7.67,7.83,10,10,10,7.67,0.11,0,0,2,1310.64,83.67
329,7.75,7.75,7.58,7.83,7.17,7.75,10,10,10,7.83,0.11,0,0,1,1750,83.67
330,8.17,8.17,7.83,7.67,8.08,7.75,9.33,9.33,9.33,8,0.11,0,0,1,1450,83.67
331,7.67,8.17,7.5,7.42,7.58,7.83,10,10,10,7.5,0.11,0,0,13,1310.64,83.67
332,7.67,7.5,7.5,7.33,7.83,8.25,10,10,10,7.58,0.12,0,4,11,1100,83.67
333,8.17,7.67,7.58,7.58,7.42,7.67,10,10,10,7.58,0.12,0,0,0,1400,83.67
334,7.67,7.5,7.33,8,7.67,7.67,10,10,10,7.83,0.1,0,0,0,1524,83.67
335,7.75,8,7.92,8.08,7.75,8,9.33,9.33,9.33,8.17,0,0,0,0,1775.030545,83.67
336,7.58,7.67,7.58,7.58,7.67,7.58,10,10,10,7.92,0.11,0,0,5,890,83.58
337,7.75,7.75,7.5,7.83,7.58,7.58,10,10,10,7.58,0.11,1,0,0,1128.3696,83.58
338,7.75,7.75,7.58,7.58,7.67,7.58,10,10,10,7.67,0.11,0,0,4,1775.030545,83.58
339,7.67,7.58,7.58,7.58,7.67,7.75,10,10,10,7.75,0.1,1,0,4,1100,83.58
340,7.67,7.75,7.58,7.67,7.75,7.58,10,10,10,7.58,0.12,0,0,3,1775,83.58
341,7.75,7.75,7.58,7.58,7.5,7.67,10,10,10,7.75,0.12,0,1,13,1200,83.58
342,7.75,7.67,7.58,7.67,7.5,7.67,10,10,10,7.75,0,0,0,7,1850,83.58
343,7.67,7.67,7.42,7.75,7.75,7.67,10,10,10,7.67,0.12,0,0,5,1800,83.58
344,7.67,7.58,7.67,7.67,7.67,7.67,10,10,10,7.67,0,0,0,0,1600,83.58
345,7.67,7.58,7.67,7.58,7.67,7.75,10,10,10,7.67,0.12,0,0,1,1550,83.58
346,7.75,7.58,7.5,7.58,7.75,7.83,10,10,10,7.58,0,0,0,0,1550,83.58
347,7.75,7.75,7.75,7.75,7.5,7.58,10,10,10,7.5,0.11,0,0,0,1000,83.58
348,7.67,7.67,7.58,7.67,7.75,7.58,10,10,10,7.67,0.11,0,0,3,1775,83.58
349,7.83,7.67,7.58,7.58,7.67,7.58,10,10,10,7.67,0.12,0,0,2,1000,83.58
350,7.67,7.58,7.58,7.58,7.67,7.75,10,10,10,7.75,0.11,0,0,4,2136,83.58
351,7.83,7.75,7.5,7.75,7.5,7.58,10,10,10,7.67,0.12,0,0,2,1100,83.58
352,7.75,7.58,7.58,7.75,7.75,7.5,10,10,10,7.58,0,0,0,5,1799,83.5
353,7.58,7.58,7.17,7.17,7,7,10,10,10,10,0.11,0,0,0,1775.030545,83.5
354,7.92,7.42,7.5,7.67,7.5,7.67,10,10,10,7.83,0,0,0,0,1850,83.5
355,7.75,7.58,7.58,7.5,7.75,7.75,10,10,10,7.58,0,0,0,0,1000,83.5
356,7.67,7.75,7.5,7.83,7.58,7.58,10,10,10,7.58,0.1,2,0,5,1219.2,83.5
357,7.58,7.58,7.58,7.58,7.75,7.67,10,10,10,7.75,0.12,0,0,4,1775,83.5
358,7.75,7.67,7.58,7.67,7.67,7.58,10,10,10,7.58,0.13,0,0,21,1400,83.5
359,7.25,7.67,7.58,7.92,7.83,7.58,10,10,10,7.67,0.13,0,0,8,1500,83.5
360,7.67,7.75,7.5,7.58,7.75,7.67,10,10,10,7.58,0.1,0,1,18,1600,83.5
361,7.67,7.42,7.67,7.83,7.58,7.67,10,10,10,7.67,0,0,1,0,1775.030545,83.5
362,8,7.58,7.25,7.58,7.92,7.58,10,10,10,7.58,0.11,0,0,0,1850,83.5
363,7.58,7.75,7.5,7.83,7.42,7.67,10,10,10,7.75,0.1,0,0,0,1400,83.5
364,7.75,7.58,7.33,7.5,7.83,7.83,10,10,10,7.67,0,0,2,0,1650,83.5
365,7.67,7.5,7.67,7.5,7.67,7.67,10,10,10,7.83,0.1,0,0,3,1350,83.5
366,7.58,7.75,7.42,7.67,7.75,7.67,10,10,10,7.67,0,0,1,1,1750,83.5
367,7.58,7.67,7.58,7.75,7.58,7.75,10,10,10,7.58,0.11,,0,2,1750,83.5
368,7.83,7.58,7.25,7.5,7.5,7.42,10,10,10,8.42,0.13,0,0,14,1170,83.5
369,7.67,7.75,7.67,7.75,7.58,7.5,10,10,10,7.58,0.11,0,0,12,940,83.5
370,7.75,7.67,7.67,7.75,7.33,7.5,10,10,10,7.83,0.12,0,0,0,1400,83.5
371,7.83,7.5,7.5,8,7.67,7.5,10,10,10,7.5,0.1,0,0,5,1524,83.5
372,7.67,7.58,7.58,7.67,7.67,7.67,10,10,10,7.67,0.11,0,0,0,1775,83.5
373,7.5,7.5,7.75,7.5,8,7.67,10,10,10,7.58,0,0,3,12,1402.08,83.5
374,7.5,7.67,7.58,7.92,7.58,7.67,10,10,10,7.58,0.01,0,0,0,1775.030545,83.5
375,7.83,7.58,7.58,7.58,7.75,7.58,10,10,10,7.58,0,0,0,0,1600,83.5
376,7.5,7.58,7.58,7.5,7.75,7.83,10,10,10,7.67,0,2,0,1,439,83.42
377,7.67,7.75,7.5,7.58,7.58,7.67,10,10,10,7.67,0.1,0,0,3,1700,83.42
378,7.67,7.67,7.5,7.67,7.67,7.58,10,10,10,7.67,0.11,0,0,2,442,83.42
379,7.58,7.5,7.42,7.92,7.5,7.67,10,10,10,7.83,0.09,0,0,4,1850,83.42
380,7.67,7.67,7,7.08,7,7,10,10,10,10,0.11,0,0,0,1775.030545,83.42
381,7.58,7.75,7.33,7.75,7.67,7.58,10,10,10,7.75,0.11,0,0,1,1800,83.42
382,7.5,7.58,7.75,7.5,7.75,7.67,10,10,10,7.67,0.13,0,0,0,1200,83.42
383,7.58,7.5,7.75,7.58,7.75,7.67,10,10,10,7.58,0.11,0,0,0,1330,83.42
384,7.58,7.67,7.58,7.67,7.58,7.67,10,10,10,7.67,0.12,0,4,0,442,83.42
385,7.33,7.83,7.75,7.5,7.42,7.83,10,10,10,7.75,0.12,0,0,6,1775.030545,83.42
386,7.75,7.67,7.58,7.67,7.58,7.58,10,10,10,7.58,0.13,0,0,4,1600,83.42
387,7.58,7.58,7.25,7.75,7.75,8.58,9.33,10,10,7.58,0.12,0,0,1,1813,83.42
388,7.75,7.83,7.33,7.83,7.5,7.67,10,10,10,7.5,0.1,0,0,1,1219.2,83.42
389,7.67,7.75,7.5,7.83,7.58,7.5,10,10,10,7.58,0.1,0,0,2,1500,83.42
390,7.67,7.5,7.75,7.42,7.75,7.75,10,10,10,7.58,0.11,0,0,0,1310.64,83.42
391,7.42,7.75,7.67,7.58,7.67,7.67,10,10,10,7.67,0,0,0,2,1775.030545,83.42
392,7.5,7.75,7.58,7.5,7.67,7.75,10,10,10,7.67,0.11,0,0,2,1450,83.42
393,7.58,7.58,7.58,7.67,7.75,7.67,10,10,10,7.58,0.1,0,1,3,1775.030545,83.42
394,7.5,7.92,7.42,7.67,7.83,7.58,10,10,10,7.5,0.01,0,0,0,1775.030545,83.42
395,7.58,7.25,7.5,7.92,7.92,7.42,10,10,10,7.83,0.11,0,0,0,1775.030545,83.42
396,7.25,7.88,7.38,7.63,7.5,8.75,9,10,10,8,0.09,0,2,4,1050,83.38
397,7.75,7.5,7.75,7.58,7.58,7.58,10,10,10,7.58,0,1,0,0,1650,83.33
398,7.67,7.58,7.58,7.42,7.67,7.75,10,10,10,7.67,0,0,0,0,1775.030545,83.33
399,7.83,7.58,7.58,7.58,7.5,7.58,10,10,10,7.67,0,0,1,2,1775.030545,83.33
400,7.5,7.83,7.33,7.58,7.58,7.92,10,10,10,7.58,0.1,0,1,5,1227,83.33
401,7.75,7.75,7.5,7.67,7.5,7.58,10,10,10,7.58,0.12,0,0,2,1200,83.33
402,7.67,7.75,7.42,7.83,7.83,7.42,10,10,10,7.42,0.11,0,0,1,1650,83.33
403,7.75,7.58,7.67,7.58,7.58,7.58,10,10,10,7.58,0.12,0,0,6,1700,83.33
404,7.67,7.67,7.58,7.67,7.5,7.58,10,10,10,7.67,0.12,0,0,0,1100,83.33
405,7.67,7.67,7.42,7.67,7.67,7.67,10,10,10,7.58,0.12,0,0,3,1300,83.33
406,7.83,7.58,7.83,7.67,7.92,8,9.33,10,9.33,7.83,0.11,0,0,1,1775.030545,83.33
407,7.5,7.67,7.67,7.5,7.83,7.17,10,10,10,8,0.11,0,0,3,1200,83.33
408,7.83,7.75,7.58,7.83,7.92,7.58,9.33,10,10,7.5,0.12,0,0,5,1775.030545,83.33
409,7.58,7.5,7.67,7.5,7.83,7.42,10,10,10,7.83,0.11,0,0,4,1280.16,83.33
410,7.67,7.67,7.5,7.67,7.92,7.42,10,10,10,7.5,0.11,0,0,1,1000,83.33
411,7.83,7.67,7.17,7.67,7.67,7.67,10,10,10,7.67,0.11,0,0,3,1310.64,83.33
412,7.92,7.5,7.58,7.83,7.67,7.67,9.33,10,10,7.83,0.1,0,0,4,1775.030545,83.33
413,7.75,7.67,7.33,7.5,7.5,7.75,10,10,10,7.83,0,0,0,5,1880,83.33
414,7.5,7.67,7.67,7.58,7.67,7.58,10,10,10,7.67,0,0,0,1,1750,83.33
415,8.08,7.83,7.83,7.75,7.67,7.58,9.33,10,9.33,7.92,0.01,0,0,0,1775.030545,83.33
416,7.58,7.67,7.58,7.5,7.83,7.67,10,10,10,7.5,0,0,0,0,1775.030545,83.33
417,7.67,7.83,7.42,7.83,7.33,7.5,10,10,10,7.67,0.11,0,0,0,1600,83.25
418,7.5,7.5,7.83,7.5,7.67,7.67,10,10,10,7.58,0.11,0,0,0,1900,83.25
419,7.83,7.5,7.42,7.67,7.5,7.67,10,10,10,7.67,0.11,0,0,0,1775.030545,83.25
420,7.5,7.58,7.42,7.83,7.67,7.58,10,10,10,7.67,0.11,2,0,7,2100,83.25
421,7.5,7.67,7.67,7.42,7.67,7.67,10,10,10,7.67,0.12,0,0,1,1775.030545,83.25
422,7.58,7.67,7.42,7.5,7.67,7.42,10,10,10,8,0.12,0,0,4,1775.030545,83.25
423,7.58,7.67,7.67,7.17,7.75,7.83,10,10,10,7.58,0,0,0,2,442,83.25
424,7.83,7.75,7.5,7.58,7.58,7.58,10,10,10,7.42,0.12,0,0,2,1261,83.25
425,7.67,7.5,7.5,7.5,7.67,7.83,10,10,10,7.58,0.1,0,0,0,1000,83.25
426,7.92,7.83,7.75,7.58,7.5,7.33,10,10,10,7.33,0.1,0,0,0,800,83.25
427,7.58,7.58,7.5,7.58,7.58,7.75,10,10,10,7.67,0,0,0,0,1483,83.25
428,7.5,7.67,7.58,7.67,7.67,7.5,10,10,10,7.67,0.1,0,0,1,1500,83.25
429,7.83,7.5,7.67,7.33,7.67,7.67,10,10,10,7.58,0.11,0,0,1,1750,83.25
430,7.58,7.75,7.5,7.5,7.58,7.58,10,10,10,7.75,0.12,0,0,6,1300,83.25
431,7.58,7.75,7.83,8,8.08,7.67,9.33,10,9.33,7.67,0.11,0,0,4,1775.030545,83.25
432,7.75,7.58,7.58,7.58,7.5,7.58,10,10,10,7.67,0.13,0,0,7,1775.030545,83.25
433,7.75,7.75,7.42,7.92,7.33,7.5,10,10,10,7.58,0.12,0,0,0,1000,83.25
434,7.83,7.58,7.08,7.83,7.42,8.08,10,10,10,7.42,0.11,0,0,9,1310.64,83.25
435,7.75,7.67,7.5,7.58,7.58,7.58,10,10,10,7.58,0.11,0,0,1,1200,83.25
436,7.67,7.58,7.58,7.42,7.83,7.58,10,10,10,7.58,0.12,0,0,1,175,83.25
437,7.67,7.67,7.5,7.5,7.58,7.67,10,10,10,7.67,0.11,0,0,0,1775,83.25
438,7.92,7.75,7.25,7.42,7.83,7.58,10,10,10,7.5,0.08,0,0,0,1700,83.25
439,8,7.67,7.67,7.25,7.67,7.5,10,10,10,7.5,0.13,0,0,1,1880,83.25
440,7.92,7.75,7.5,7.42,7.42,7.67,10,10,10,7.58,0.04,0,0,1,1800,83.25
441,7.67,7.42,7.5,7.58,7.67,7.58,10,10,10,7.75,0.11,0,0,4,890,83.17
442,7.58,7.58,7.33,7.67,7.75,7.58,10,10,10,7.67,0.1,0,0,1,1901,83.17
443,7.67,7.58,7.42,7.67,7.67,7.58,10,10,10,7.58,0.12,0,0,3,168,83.17
444,7.92,7.5,7.5,7.58,7.67,7.5,10,10,10,7.5,0.11,1,0,0,1775.030545,83.17
445,7.58,7.42,7.08,7.33,7.58,8.58,10,10,10,7.58,0.07,0,0,0,1550,83.17
446,7.67,7.75,7.42,7.75,7.58,7.5,10,10,10,7.5,0.11,2,2,3,1500,83.17
447,7.67,7.67,7.5,7.67,7.5,7.67,10,10,10,7.5,0.11,1,0,1,1450,83.17
448,7.5,7.67,7.33,7.67,7.67,7.67,10,10,10,7.67,0.11,0,0,0,1200,83.17
449,7.67,7.67,7.5,7.67,7.42,7.58,10,10,10,7.67,0.1,0,0,3,1600,83.17
450,7.5,7.5,7.33,7.67,8,7.67,10,10,10,7.5,0,0,0,0,1350,83.17
451,7.5,7.75,7.5,7.83,7.58,7.5,10,10,10,7.5,0.11,0,0,1,1500,83.17
452,7.92,7.67,7.42,7.75,7.5,7.5,10,10,10,7.42,0.12,0,0,3,1650,83.17
453,7.83,7.75,7.67,7.75,7.83,8.5,9.33,9.33,9.33,7.83,0.1,0,0,1,250.5,83.17
454,7.67,7.58,7.58,7.75,7.42,7.67,10,10,10,7.5,0.12,0,0,0,800,83.17
455,7.58,7.67,7.67,7.58,7.42,7.58,10,10,10,7.67,0.13,0,0,6,1653,83.17
456,7.58,7.5,7.5,7.67,7.5,7.67,10,10,10,7.75,0,0,0,4,1775,83.17
457,8,7.67,7.5,7.42,7.33,7.58,10,10,10,7.67,0.1,0,0,0,1800,83.17
458,7.58,7.75,7.5,7.58,7.58,7.58,10,10,10,7.58,0.11,0,10,3,1775.030545,83.17
459,7.5,7.5,7.5,7.67,7.67,7.67,10,10,10,7.67,0.1,0,0,5,1450,83.17
460,7.67,7.67,7.5,7.67,7.5,7.67,10,10,10,7.5,0.11,0,0,3,1350,83.17
461,7.33,7.83,7.17,8.17,7.33,7.67,10,10,10,7.67,0.09,0,0,1,1524,83.17
462,7.5,7.5,7.58,7.42,7.92,7.67,10,10,10,7.58,0.11,0,0,0,1775.030545,83.17
463,7.58,7.5,7.58,7.75,7.58,7.58,10,10,10,7.58,0.12,0,0,1,1800,83.17
464,7.67,7.83,7.33,7.67,7.5,7.67,10,10,10,7.5,0.11,0,0,2,1310.64,83.17
465,7.75,7.58,7.58,7.58,7.5,7.42,10,10,10,7.75,0.11,0,0,2,1500,83.17
466,7.75,7.67,7.58,7.5,7.42,7.58,10,10,10,7.67,0.12,0,3,8,532,83.17
467,7.58,7.75,7.42,7.67,7.5,7.58,10,10,10,7.67,0.14,0,0,10,1089,83.17
468,7.67,7.5,7.5,7.5,7.58,8.17,10,10,10,7.25,0.11,0,1,2,1775,83.17
469,7.75,7.5,7.42,7.75,7.58,7.58,10,10,10,7.58,0.13,0,0,5,700,83.17
470,7.58,7.67,7.5,7.58,7.67,7.67,10,10,10,7.5,0.11,0,0,0,1750,83.17
471,7.5,7.75,7.58,7.58,7.67,7.5,10,10,10,7.58,0.11,0,0,5,1380,83.17
472,7.75,7.67,7.58,7.5,7.58,7.58,10,10,10,7.5,0.12,0,0,1,1000,83.17
473,7.92,7.58,7.5,7.58,7.42,7.5,10,10,10,7.67,0.11,0,0,4,950,83.17
474,7.75,7.5,7.67,7.5,7.92,8,10,10,9.33,7.5,0,0,0,10,1402.08,83.17
475,7.75,7.5,7.58,7.5,7.75,7.5,10,10,10,7.58,0.12,0,0,3,1000,83.17
476,7.58,7.75,7.67,7.5,7.67,7.58,10,10,10,7.42,0.02,0,0,2,900,83.17
477,7.42,7.83,8.17,8.08,7.17,7.58,10,9.33,10,7.58,0.14,0,0,3,1200,83.17
478,7.75,8,7.67,8.08,7.83,7.92,9.33,9.33,9.33,7.92,0.01,0,0,0,1850,83.17
479,7.58,7.67,7.33,7.67,7.75,7.58,10,10,10,7.5,0,1,0,4,1799,83.08
480,7.75,7.5,7.5,7.42,8,7.75,10,10,10,7.17,0,2,1,5,1775.030545,83.08
481,7.58,7.58,7.58,7.5,7.67,7.58,10,10,10,7.58,0.11,2,0,2,905,83.08
482,7.33,7.67,7.67,7.33,7.75,7.42,10,10,10,7.92,0,0,0,3,1,83.08
483,7.83,7.92,7.5,7.83,7.67,7.25,9.33,10,10,7.75,0,0,0,0,750,83.08
484,7.42,7.67,7.58,7.5,7.75,7.67,10,10,10,7.5,0.11,0,0,13,1775.030545,83.08
485,7.58,7.83,7.67,7.42,7.42,7.5,10,10,10,7.67,0,0,0,1,1200,83.08
486,7.83,7.33,7.5,7.67,7.58,7.67,10,10,10,7.5,0.1,0,0,3,1300,83.08
487,7.33,7.75,7.58,7.33,7.83,7.67,10,10,10,7.58,0.12,0,0,8,1775.030545,83.08
488,7.75,7.75,7.5,7.5,7.5,7.5,10,10,10,7.58,0.11,0,0,0,1300,83.08
489,7.83,7.83,7.33,7.17,7.75,7.67,10,10,10,7.5,0.1,0,0,0,1775.030545,83.08
490,7.75,7.67,7.42,7.75,7.5,7.5,10,10,10,7.5,0.1,0,0,1,1400,83.08
491,7.67,7.58,7.5,7.67,7.92,8,9.33,9.33,10,8.08,0,0,1,4,1775.030545,83.08
492,7.33,7.58,7.58,7.92,7.67,7.58,10,10,10,7.42,0.12,0,0,0,1775.030545,83.08
493,7.33,7.33,7.33,7.58,7.25,8.08,10,10,10,8.17,0.01,0,0,0,1775,83.08
494,7.83,7.75,7.33,7.25,7.42,7.92,10,10,10,7.58,0.08,0,1,3,1880,83.08
495,7.67,7.58,7.5,7.58,7.67,7.58,10,10,10,7.5,0,0,0,0,1350,83.08
496,7.92,7.67,7.67,7.25,7.83,7.67,9.33,10,10,7.75,0.02,0,0,1,1775.030545,83.08
497,7.58,7.5,7.5,7.75,7.67,7.5,10,10,10,7.5,0,0,0,4,890,83
498,7.5,7.58,7.58,7.67,7.58,7.5,10,10,10,7.58,0.11,3,0,5,894,83
499,7.5,7.67,7.58,7.67,7.58,7.42,10,10,10,7.58,0.11,2,0,3,872,83
500,7.67,7.58,7.42,7.42,7.83,7.5,10,10,10,7.58,0.12,0,0,6,1473,83
501,7.67,7.67,7.5,7.58,7.42,7.5,10,10,10,7.67,0.12,5,0,8,1645,83
502,7.67,7.67,7.33,7.67,7.5,7.58,10,10,10,7.58,0.11,0,0,4,442,83
503,7.75,7.67,7.58,7.58,7.42,7.67,9.33,10,10,8,0,0,0,0,1550,83
504,7.67,7.75,7.33,7.92,7.42,7.5,10,10,10,7.42,0.11,0,0,3,1550,83
505,7.75,7.67,7.33,7.75,7.5,7.42,10,10,10,7.58,0.11,0,0,2,1371.6,83
506,7.83,7.67,7.25,7.67,7.75,7.5,10,10,10,7.33,0.11,0,0,2,1500,83
507,7.67,7.67,7.67,7.5,7.42,7.5,10,10,10,7.58,0,0,0,0,1000,83
508,7.92,7.92,7.83,7.58,7.33,7.25,10,10,10,7.17,0.08,0,0,0,1200,83
509,7.83,7.58,7.5,7.5,7.58,7.5,10,10,10,7.5,0.12,0,0,0,1800,83
510,7.67,7.5,7.67,7.83,7.75,7.83,10,10,9.33,7.42,0,0,0,0,853.44,83
511,7.67,7.67,7.42,7.83,7.5,7.5,10,10,10,7.42,0.1,0,1,0,1500,83
512,7.67,7.58,7.5,7.58,7.5,7.5,10,10,10,7.67,0.11,0,0,3,1200,83
513,7.75,7.58,7.42,7.67,7.42,7.67,10,10,10,7.5,0.12,0,0,4,1250,83
514,7.75,7.42,7.33,7.5,7.58,7.17,10,10,10,8.25,0.11,0,1,1,1775,83
515,7.83,7.5,7.58,7.33,7.5,7.67,10,10,10,7.58,0,0,0,0,1750,83
516,7.33,7.67,7.75,7.42,7.75,7.58,10,10,10,7.5,0.11,0,0,1,1000,83
517,7.58,7.75,7.42,7.67,7.58,7.42,10,10,10,7.58,0,0,0,2,1000,83
518,7.5,7.5,7.42,7.58,7.75,7.58,10,10,10,7.67,0.11,0,1,2,1775,83
519,7.67,7.58,7.42,7.5,7.67,7.58,10,10,10,7.58,0.11,0,0,20,750,83
520,7.67,7.83,7.5,7.58,7.58,7.67,9.33,10,10,7.83,0.11,0,0,7,1200,83
521,7.5,7.67,7.5,7.5,7.58,7.58,10,10,10,7.67,0.11,0,5,8,1200,83
522,7.67,7.58,7.5,7.5,7.75,7.5,10,10,10,7.5,0,0,1,4,1775.030545,83
523,7.75,7.58,7.5,7.67,7.83,7.75,9.33,10,10,7.58,0,0,0,4,1625,83
524,7.67,7.58,7.58,7.58,7.67,7.42,10,10,10,7.5,0.11,0,0,0,1750,83
525,7.5,7.67,7.5,7.67,7.5,7.83,10,10,10,7.33,0.1,0,0,2,1371.6,83
526,7.67,7.67,7.58,7.5,7.67,7.42,10,10,10,7.5,0.12,0,0,0,1775,83
527,7.33,7.67,7.58,7.5,7.75,7.67,10,10,10,7.5,0.28,0,0,0,1775.030545,83
528,7.33,7.67,7.58,7.33,7.58,7.92,10,10,10,7.58,0.08,0,0,1,1450,83
529,7.83,7.83,7.67,7.83,7.92,7.83,9.33,9.33,9.33,8.08,0,0,0,0,1775.030545,83
530,7.5,7.58,7.42,7.58,7.58,7.67,10,10,10,7.67,0,0,0,1,1775.030545,83
531,7.5,7.58,7.67,7.67,7.58,7.58,10,10,10,7.42,0.06,0,0,2,1800,83
532,7.58,7.83,7.75,7.92,7.92,8.08,9.33,9.33,9.33,7.92,0.07,0,0,0,1775.030545,83
533,7.5,7.25,7.42,7.75,8.17,7.5,10,10,10,7.42,0,0,0,0,1775.030545,83
534,7.67,7.58,7.5,7.58,7.58,7.5,10,10,10,7.5,0,0,0,0,890,82.92
535,7.5,7.5,7.75,7.58,7.92,7.83,10,10,9.33,7.5,0,0,0,1,1350,82.92
536,7.58,7.67,7.5,7.33,7.67,7.58,10,10,10,7.58,0.11,0,0,1,1500,82.92
537,7.17,7.83,7.25,7.67,7.67,7.58,10,10,10,7.75,0.09,0,31,0,350,82.92
538,7.58,7.58,7.5,7.5,7.58,7.58,10,10,10,7.58,0,0,1,20,2000,82.92
539,7.5,7.58,7.67,7.33,7.5,7.75,10,10,10,7.58,0,0,0,9,775,82.92
540,7.58,7.58,7.67,7.58,7.5,7.5,10,10,10,7.5,0.11,0,0,1,1200,82.92
541,8.08,7.5,7.67,7.42,7.33,7.5,10,10,10,7.42,0,0,0,0,1600,82.92
542,7.83,7.67,7.25,7.58,7.5,7.5,10,10,10,7.58,0.13,0,0,3,1059,82.92
543,7.75,7.67,7.42,7.42,7.75,7.5,10,10,10,7.42,0.12,0,2,8,1300,82.92
544,7.08,7.5,7.5,7.83,7.75,7.67,10,10,10,7.58,0.11,0,0,16,11000,82.92
545,8,7.5,7.5,7.58,7.33,7.42,10,10,10,7.58,0.12,0,0,0,1650,82.92
546,7.75,7.58,7.58,7.5,7.5,7.5,10,10,10,7.5,0.12,0,0,4,1400,82.92
547,7.75,7.5,7.42,7.58,7.67,7.5,10,10,10,7.5,0.1,0,0,1,1500,82.92
548,7.67,7.83,7.42,7.5,7.33,7.5,10,10,10,7.67,0.1,0,0,2,1500,82.92
549,7.58,7.58,7.25,7.58,7.58,7.58,10,10,10,7.75,0.1,0,0,4,1775.030545,82.92
550,7.58,7.5,7.75,7.33,7.58,7.58,10,10,10,7.58,0.11,0,0,2,1900,82.92
551,7.75,7.5,7.25,7.5,7.75,7.5,10,10,10,7.67,0,0,0,0,1750,82.92
552,7.83,7.75,7.25,7.92,7.5,7.17,10,10,10,7.5,0.11,0,0,2,1706.88,82.92
553,7.83,7.67,7.42,7.42,7.5,7.58,10,10,10,7.5,0.11,0,3,5,1450,82.92
554,7.58,7.58,7.33,7.25,7.58,7.75,10,10,10,7.83,0.1,0,0,4,1248,82.92
555,7.67,7.33,7.17,7.58,8.08,7.42,10,10,10,7.67,0,0,0,17,1040,82.92
556,8,7.92,7.67,7.17,7.67,7.42,9.33,10,10,7.75,0.14,0,1,4,1400,82.92
557,7.5,7.5,7.5,7.42,7.67,7.83,10,10,10,7.5,0.1,0,0,0,1775.030545,82.92
558,7.5,7.75,7.33,7.75,7.08,7.83,10,10,10,7.67,0.15,0,0,0,1450,82.92
559,7.42,7.58,7.5,7.17,7.5,8,10,10,10,7.75,0,0,0,0,1775.030545,82.92
560,7.75,7.58,7.42,7.58,7.5,7.5,10,10,10,7.5,0.1,0,0,3,1754,82.83
561,7.5,7.58,7.33,7.67,7.58,7.58,10,10,10,7.58,0.11,1,1,2,1700,82.83
562,7.67,7.58,7.58,7.5,7.5,7.42,10,10,10,7.58,0.11,2,0,2,905,82.83
563,7.33,7.67,7.67,7.83,7.33,7.67,10,10,10,7.33,0,0,0,4,1250,82.83
564,7.83,7.92,7.75,7.83,7.75,7.75,9.33,9.33,9.33,8,0.11,0,0,0,1900,82.83
565,7.25,7.58,7.5,7.42,7.75,7.42,10,10,10,7.92,0.11,0,11,0,1040,82.83
566,7.58,7.58,7.33,7.67,7.67,7.5,10,10,10,7.5,0.11,0,0,2,1219.2,82.83
567,7.58,7.83,7.33,7.67,7.42,7.33,10,10,10,7.67,0.12,0,2,6,900,82.83
568,7.83,7.67,7.5,7.58,7.5,7.67,10,10,10,7.08,0,0,0,1,1600,82.83
569,7.42,7.58,7.25,7.5,7.75,7.75,10,10,10,7.58,0,0,0,9,1200,82.83
570,7.67,7.67,7.75,7.67,7.42,7.17,10,10,10,7.5,0.1,0,0,4,1500,82.83
571,7.5,7.42,7.58,7.5,7.58,7.58,10,10,10,7.67,0,0,4,4,1800,82.83
572,7.83,7.5,7.5,7.42,7.5,7.5,10,10,10,7.58,0.11,0,0,3,1775,82.83
573,7.67,7.5,7.33,7.25,7.58,7.75,10,10,10,7.75,0.11,0,0,5,1400,82.83
574,7.58,7.67,7.5,7.58,7.5,7.5,10,10,10,7.5,0.12,0,2,10,1550,82.83
575,7.67,7.58,7.42,7.75,7.42,7.42,10,10,10,7.58,0.12,0,0,7,1250,82.83
576,7.67,7.67,7.33,7.5,7.33,7.92,10,10,10,7.42,0.11,0,0,10,1310.64,82.83
577,7.58,7.58,7.5,7.42,7.67,7.58,10,10,10,7.5,0.11,0,0,2,1380,82.83
578,7.75,7.58,7.75,7.75,7.25,7.5,10,10,10,7.25,0,0,1,3,1200,82.83
579,7.5,7.58,7.42,7.67,7.58,7.5,10,10,10,7.5,0.1,1,0,3,1100,82.75
580,7.58,7.67,7.5,7.58,7.5,7.42,10,10,10,7.5,0.11,0,0,8,1800,82.75
581,7.5,7.67,7.17,7.67,7.67,7.58,10,10,10,7.5,0.11,0,0,4,1700,82.75
582,7.5,7.5,7.42,7.58,7.67,7.5,10,10,10,7.58,0.1,0,0,1,1219.2,82.75
583,7.42,7.58,7.42,7.67,7.5,7.5,10,10,10,7.67,0.1,0,0,1,1219.2,82.75
584,7.5,7.58,7.42,7.58,7.58,7.5,10,10,10,7.58,0.12,0,0,15,1500,82.75
585,7.58,7.58,7.33,7.58,7.33,7.67,10,10,10,7.67,0.12,0,0,0,157.8864,82.75
586,7.83,7.67,7.33,7.67,7.58,7.67,9.33,10,10,7.67,0,0,0,0,650,82.75
587,7.67,7.67,7.17,7.33,7.58,7.67,10,10,10,7.67,0,0,0,4,1250,82.75
588,7.58,7.5,7.42,7.67,7.42,7.5,10,10,10,7.67,0.09,0,0,1,1850,82.75
589,7.58,7.5,7.42,7.58,7.5,7.5,10,10,10,7.67,0.09,1,0,6,1400,82.75
590,7.5,7.5,7.58,7.5,7.58,7.58,10,10,10,7.5,0.11,2,0,1,905,82.75
591,7.67,7.5,7.33,7.33,7.67,7.67,10,10,10,7.58,0.1,0,0,0,1100,82.75
592,7.5,7.67,7.42,7.67,7.5,7.5,10,10,10,7.5,0.11,0,0,2,1500,82.75
593,7.5,7.58,7.58,7.75,7.33,7.5,10,10,10,7.5,0,0,0,2,1775,82.75
594,7.75,7.58,7.42,7.5,7.33,7.5,10,10,10,7.67,0.12,0,0,0,1442,82.75
595,7.75,7.42,7.25,7.75,7.5,7.67,10,10,10,7.42,0.13,0,0,2,1524,82.75
596,7.67,7.42,7.42,7.58,7.33,7.67,10,10,10,7.67,0.12,0,0,0,165,82.75
597,7.67,7.58,7.42,7.83,7.33,7.5,10,10,10,7.42,0.1,0,6,0,1775.030545,82.75
598,7.58,7.83,7.75,7.75,7.42,8,9.33,9.33,10,7.75,0.1,0,0,0,1775.030545,82.75
599,7.58,7.33,7.17,7.33,7.25,8.58,10,10,10,7.5,0.1,0,0,2,1300,82.75
600,7.58,7.58,7.5,7.5,7.5,7.5,10,10,10,7.58,0.12,0,0,6,1550,82.75
601,7.58,7.58,7.33,7.75,7.25,7.58,10,10,10,7.67,0.12,0,0,0,1200,82.75
602,8.08,8.17,8,8,7.83,7.92,6.67,10,10,8.08,0.12,0,1,4,1200,82.75
603,7.5,7.58,7.42,7.67,7.5,7.58,10,10,10,7.5,0,0,0,0,1625,82.75
604,7.67,7.58,7.58,7.58,7.5,7.42,10,10,10,7.42,0.11,0,0,3,1775,82.75
605,7.25,7.75,7.5,7.83,7.67,7.67,9.33,10,10,7.75,0.12,0,0,0,1775.030545,82.75
606,7.42,7.42,7.5,7.58,7.5,7.75,10,10,10,7.58,0,0,0,4,1100,82.75
607,7.75,7.67,7.5,7.83,7.17,7.42,10,10,10,7.42,0,0,0,2,1775.030545,82.75
608,7.5,7.58,7.25,7.75,7.58,7.5,10,10,10,7.5,0,0,0,4,890,82.67
609,7.5,7.58,7.5,7.67,7.5,7.42,10,10,10,7.5,0.11,2,0,3,934,82.67
610,7.67,7.67,7.42,7.42,7.42,7.5,10,10,10,7.58,0.13,0,0,0,1300,82.67
611,7.67,7.67,7.67,7.67,7.5,7.67,10,10,9.33,7.5,0,0,0,7,1200,82.67
612,7.5,7.67,7.42,7.75,7.42,7.17,10,10,10,7.75,0.11,2,0,3,1300,82.67
613,7.75,7.5,7.33,7.58,7.33,7.75,10,10,10,7.42,0,0,1,9,1775.030545,82.67
614,7.58,7.5,7.42,7.67,7.5,7.5,10,10,10,7.5,0,0,0,0,1,82.67
615,7.33,7.5,7.58,7.58,7.67,7.5,10,10,10,7.5,0.12,0,0,9,1775.030545,82.67
616,7.5,7.5,7.5,7.5,7.5,7.58,10,10,10,7.58,0.12,0,0,0,1700,82.67
617,7.58,7.5,7.5,7.58,7.33,7.58,10,10,10,7.58,0.12,0,0,4,1550,82.67
618,8,7.83,7.83,7.42,7.25,7.25,10,10,10,7.08,0.08,0,0,0,1200,82.67
619,7.67,7.58,7.42,7.5,7.42,7.5,10,10,10,7.58,0.11,0,0,0,1296,82.67
620,7.67,7.5,7.33,7.67,7.5,7.5,10,10,10,7.5,0.12,0,0,0,1650,82.67
621,7.67,7.5,7.5,7.5,7.5,7.5,10,10,10,7.5,0.11,0,0,0,1240,82.67
622,7.42,7.5,7.5,7.67,7.58,7.5,10,10,10,7.5,0.11,0,0,0,1500,82.67
623,7.75,7.58,7.67,7.25,7.58,7.42,10,10,10,7.42,0.11,0,0,3,1800,82.67
624,7.92,8,7.5,6.75,7.92,7.58,10,10,9.33,7.67,0,0,0,17,1775.030545,82.67
625,7.67,7.67,7.17,7.67,7.5,7.5,10,10,10,7.5,0.11,0,0,0,1500,82.67
626,7.83,7.33,7.83,7.33,7.58,7.83,10,10,9.33,7.58,0.12,0,0,0,1775.030545,82.67
627,7.58,7.58,7.42,7.58,7.42,7.5,10,10,10,7.58,0.11,0,0,2,1100,82.67
628,7.5,7.58,7.58,7.58,7.42,7.42,10,10,10,7.58,0.12,0,0,0,950,82.67
629,7.33,7.58,7.42,7.42,7.67,7.67,10,10,10,7.58,0.11,0,0,0,3850,82.67
630,7.83,7.67,7.5,7.67,7.5,7.58,10,10,9.33,7.58,0.03,0,2,0,1775.030545,82.67
631,7.75,7.58,7.25,7.75,7.67,7.58,10,10,10,7.08,0,0,0,1,1400,82.67
632,8.08,7.67,7.67,7.33,7.33,7.17,10,10,10,7.42,0.08,0,0,3,1800,82.67
633,7.5,7.42,7.33,7.33,7.67,7.83,10,10,10,7.58,0.21,0,0,2,1775.030545,82.67
634,7.5,7.42,7.42,7.75,7.5,7.5,10,10,10,7.5,0.1,1,0,2,1219.2,82.58
635,7.67,7.42,7.5,7.42,7.58,7.5,10,10,10,7.5,0.11,5,0,0,1050,82.58
636,7.5,7.58,7.42,7.5,7.75,7.33,10,10,10,7.5,0.11,0,0,7,1775.030545,82.58
637,7.25,7.25,7,7.08,7,7,10,10,10,10,0.11,0,0,0,200,82.58
638,7.42,7.42,7.5,7.33,7.25,7.67,10,10,10,8,0,9,1,2,1775.030545,82.58
639,7.83,7.58,7.42,7.33,7.42,7.5,10,10,10,7.5,0.13,0,0,6,1250,82.58
640,7.75,7.33,7.42,7.67,7.42,7.5,10,10,10,7.5,0.12,0,0,0,800,82.58
641,7.42,7.58,7.58,7.42,7.58,7.5,10,10,10,7.5,0.12,0,0,1,1450,82.58
642,7.75,7.42,7.33,7.5,7.58,7.5,10,10,10,7.5,0.12,0,0,1,1317,82.58
643,7.83,7.5,7.42,7.58,7.42,7.42,10,10,10,7.42,0.12,0,0,0,1650,82.58
644,7.67,7.42,7.5,7.67,7,7.75,10,10,10,7.58,0.11,0,0,3,1300,82.58
645,7.58,7.58,7.42,7.75,7.67,7.67,9.33,10,10,7.58,0,0,0,11,1775.030545,82.58
646,7.5,7.58,7.42,7.58,7.42,7.58,10,10,10,7.5,0,0,0,4,1775.030545,82.58
647,7.75,7.25,7.33,7.42,7.5,7.83,10,10,10,7.5,0.11,0,0,3,1750,82.58
648,7.75,7.5,7.75,7.25,7.33,7.58,10,10,10,7.42,0.11,0,0,3,1750,82.58
649,7.58,7.5,7.42,7.58,7.67,7.42,10,10,10,7.42,0.11,0,0,0,1750,82.58
650,7.5,7.58,7.5,7.5,7.42,7.5,10,10,10,7.58,0.1,0,0,6,1250,82.58
651,7.67,7.58,7.58,7.75,7.67,6.83,10,10,10,7.5,0.12,0,0,0,1150,82.58
652,7.33,7.42,7.58,7.42,7.67,7.5,10,10,10,7.67,0.11,0,2,2,1775,82.58
653,7.58,7.5,7.33,7.75,7.5,7.5,10,10,10,7.42,0,0,0,4,975,82.58
654,7.5,7.5,7.5,7.5,7.58,7.5,10,10,10,7.42,0.11,0,0,4,890,82.5
655,7.83,7.75,7.25,7.5,7.42,7.33,10,10,10,7.42,0.11,0,0,5,1250,82.5
656,7.58,7.58,7.33,7.5,7.5,7.5,10,10,10,7.5,0.1,0,0,4,1400,82.5
657,7.5,7.5,7.33,7.5,7.67,7.5,10,10,10,7.5,0.1,2,0,2,1219.2,82.5
658,7.5,7.83,7.5,7.75,7.33,7.42,9.33,10,10,7.83,0.12,0,0,0,800,82.5
659,7.33,7.5,7.5,7.5,7.67,7.5,10,10,10,7.5,0.11,0,0,0,1450,82.5
660,7.67,7.42,7.33,7.58,7.5,7.5,10,10,10,7.5,0.12,0,0,1,1600,82.5
661,7.75,7,7.42,7.58,7.58,7.58,10,10,10,7.58,0.12,0,0,3,1775.030545,82.5
662,7.42,7.58,7.5,7.67,7.25,7.5,10,10,10,7.58,0,0,0,1,1600,82.5
663,7.42,7.5,7.67,7.33,7.42,7.67,10,10,10,7.5,0.11,0,0,0,1260,82.5
664,7.83,7.42,7.33,7.67,7.42,7.5,10,10,10,7.33,0.12,0,0,4,1310.64,82.5
665,7.5,7.5,7.42,7.42,7.58,7.58,10,10,10,7.5,0.11,0,0,1,1750,82.5
666,7.83,7.67,7.17,7.33,7.5,7.67,10,10,10,7.33,0.11,0,0,0,1310.64,82.5
667,7.5,7.58,7.5,7.5,7.42,7.42,10,10,10,7.58,0.13,0,0,10,1679,82.5
668,7.67,7.5,7.33,7.67,7.5,7.33,10,10,10,7.5,0.12,0,0,5,1100,82.5
669,7.92,7.5,7.33,7.58,7.25,7.42,10,10,10,7.5,0.11,0,0,2,1650,82.5
670,7.67,7.33,7.33,7.33,7.5,7.83,10,10,10,7.5,0.11,0,0,5,1775.030545,82.5
671,7.67,7.42,7.33,7.67,7.5,7.5,10,10,10,7.42,0,0,0,4,1250,82.5
672,7.67,7.5,7.33,7.5,7.25,7.67,10,10,10,7.58,0.11,0,1,3,1775,82.5
673,7.33,7.42,7.33,7.75,7.42,7.67,10,10,10,7.58,0.12,0,2,3,1775.030545,82.5
674,7.75,7.58,7.67,7.67,7.58,7.58,9.33,10,10,7.33,0.01,0,1,14,1600,82.5
675,7.42,7.67,7.17,7.58,7.58,7.5,10,10,10,7.5,0.12,1,0,6,1500,82.42
676,7.58,7.5,7.33,7.75,7.33,7.5,10,10,10,7.42,0.1,1,0,2,1700,82.42
677,7.67,7.58,7.25,7.67,7.42,7.33,10,10,10,7.5,0.12,0,0,0,1700,82.42
678,7.58,7.5,7.25,7.67,7.5,7.5,10,10,10,7.42,0.12,0,0,0,157.8864,82.42
679,7.5,7.42,7.08,7.75,7.67,7.5,10,10,10,7.5,0.11,2,0,3,1775.030545,82.42
680,5.08,7.75,7.83,7.75,7.83,8.08,10,10,10,8.08,0.11,0,0,1,1600,82.42
681,7.67,7.42,7.42,7.5,7.42,7.42,10,10,10,7.58,0.1,0,0,0,1600,82.42
682,7.42,7.5,7.33,7.5,7.25,7.42,10,10,10,8,0.11,1,0,0,1775.030545,82.42
683,7.67,7.25,7.42,7.42,7.67,7.42,10,10,10,7.58,0.13,0,0,7,2285,82.42
684,7.17,7.83,7.33,7.5,7.75,7.42,10,10,10,7.42,0,0,0,0,1,82.42
685,7.5,7.5,7.5,7.67,7.42,7.5,10,10,10,7.33,0.1,0,0,0,1400,82.42
686,7.42,7.5,7.42,7.58,7.42,7.5,10,10,10,7.58,0.11,0,0,0,1296,82.42
687,7.58,7.67,7.33,7.5,7.5,7.42,10,10,10,7.42,0.12,0,0,1,1000,82.42
688,7.58,7.58,7.58,7.75,7.5,7.58,9.33,10,10,7.5,0,0,0,3,1775.030545,82.42
689,7.25,7.33,7.25,7.5,7.42,7.5,10,10,10,8.17,0,0,0,0,1260,82.42
690,7.5,7.58,7.5,7.92,7.42,7.67,9.33,10,10,7.5,0.12,0,0,0,1170,82.42
691,7.25,7.67,7.42,7.17,7.75,7.5,10,10,10,7.67,0.09,0,0,2,1775.030545,82.42
692,7.67,7.42,7.33,7.5,7.58,7.5,10,10,10,7.42,0.11,0,0,9,1775,82.42
693,7.5,7.42,7.42,7.67,7.42,7.58,10,10,10,7.42,0.12,0,0,5,1560,82.42
694,7.42,7.58,7.5,7.42,7.58,7.5,10,10,10,7.42,0.13,0,0,2,1400,82.42
695,7.42,7.58,7.33,7.58,7.5,7.5,10,10,10,7.5,0.14,0,0,9,1300,82.42
696,7.75,7.33,7.25,7.58,7.58,7.33,10,10,10,7.58,0.13,0,0,1,1170,82.42
697,7.5,7.58,7.33,7.5,7.5,7.5,10,10,10,7.5,0.11,0,0,0,1300,82.42
698,7.58,7.58,7.17,7.5,7.5,7.5,10,10,10,7.58,0.14,0,0,6,1350,82.42
699,7.58,7.33,7.33,7.58,7.5,7.5,10,10,10,7.58,0.11,0,0,0,1150,82.42
700,7.67,7.58,7.33,7.42,7.58,7.33,10,10,10,7.5,0.13,0,0,4,1250,82.42
701,7.83,7.5,7.42,7.67,7.17,7.33,10,10,10,7.5,0.12,0,0,0,1450,82.42
702,7.67,7.33,7.25,7.42,7.5,7.67,10,10,10,7.58,0,0,0,2,442,82.42
703,7.75,7.5,7.42,7.42,7.5,7.42,10,10,10,7.42,0.11,0,0,2,1775.030545,82.42
704,7.33,7.58,7.17,7.58,7.42,7.58,10,10,10,7.75,0,0,0,2,1750,82.42
705,7.58,7.25,7.42,7.25,7.58,7.83,10,10,10,7.5,0.02,0,0,1,1750,82.42
706,7.5,7.58,7.33,7.5,7.42,7.42,10,10,10,7.58,0.1,1,0,8,1396,82.33
707,7.33,7.5,7.5,7.33,7.5,7.5,10,10,10,7.67,0.11,3,0,11,982,82.33
708,7.42,7.42,7.42,7.5,7.5,7.58,10,10,10,7.5,0.11,4,0,14,1775.030545,82.33
709,7.5,7.5,7.42,7.5,7.42,7.5,10,10,10,7.5,0.11,2,0,3,934,82.33
710,7.75,7.5,7.25,7.25,7.42,7.67,10,10,10,7.5,0.1,1,6,3,1850,82.33
711,7.75,7.33,7.5,7.5,7.33,7.58,10,10,10,7.33,0,2,0,0,1550,82.33
712,7.5,7.58,7.42,7.5,7.42,7.42,10,10,10,7.5,0.12,6,0,2,1580,82.33
713,8.25,7.83,7.25,8.33,8.17,8.08,10,6.67,10,7.75,0.07,0,0,0,1268,82.33
714,7.42,7.5,7.5,7.42,7.5,7.58,10,10,10,7.42,0.11,0,0,10,1775.030545,82.33
715,7.5,7.42,7.17,7.83,7.5,7.5,10,10,10,7.42,0.1,0,0,6,1676.4,82.33
716,7.33,7.58,7.42,7.58,7.33,7.5,10,10,10,7.58,0.12,0,0,0,1450,82.33
717,7.75,8.08,7.67,8.08,8.08,8,10,10,6.67,8,0.11,0,0,0,1100,82.33
718,7.58,7.67,7.5,7.58,7.75,7.5,9.33,10,10,7.42,0.12,0,0,3,1524,82.33
719,7.33,7.58,7.42,7.5,7.5,7.5,10,10,10,7.5,0.11,0,0,0,1775.030545,82.33
720,7.42,7.33,7.5,7.17,7.08,8.33,10,10,10,7.5,0.1,0,0,2,1300,82.33
721,7.5,7.5,7.5,7.5,7.5,7.5,10,10,10,7.33,0.11,0,0,0,200,82.33
722,7.5,7.5,7.5,7.5,7.5,7.5,10,10,10,7.33,0.11,0,0,0,600,82.33
723,7.5,7.42,7.58,7.5,7.5,7.58,10,10,10,7.25,0.12,0,2,1,1310.64,82.33
724,7.5,7.42,7.5,7.5,7.5,7.58,10,10,10,7.33,0,0,0,1,1750,82.33
725,7.67,7.5,7.42,7.5,7.42,7.42,10,10,10,7.42,0.12,0,0,3,1300,82.33
726,7.92,7.58,7.25,7.75,7.92,7.58,9.33,9.33,10,7.67,0,0,0,14,1775.030545,82.33
727,7.67,7.5,7.33,7.67,7.5,7.33,10,10,10,7.33,0.11,0,0,3,1752.6,82.33
728,7.58,7.67,7.58,7.33,7,7.58,10,10,10,7.58,0.15,0,1,8,441,82.33
729,7.67,7.58,7.5,7.58,7.5,7.5,10,10,10,7,0.13,0,0,9,1170,82.33
730,7.5,7.67,7.33,7.5,7.33,7.5,10,10,10,7.5,0.1,0,2,5,1310.64,82.33
731,7.58,7.5,7.42,7.5,7.5,7.42,10,10,10,7.42,0.12,0,0,2,1100,82.33
732,8,7.75,7.33,7.33,7.08,7.67,9.33,10,10,7.83,0.11,0,0,0,1300,82.33
733,7.58,7.58,7.25,7.58,7.42,7.5,10,10,10,7.42,0.11,0,0,2,950,82.33
734,7.83,7.58,7.33,7.25,7.58,7.42,10,10,10,7.33,0,0,0,0,442,82.33
735,7.58,7.5,7.25,7.42,7.67,7.33,10,10,10,7.5,0.09,6,2,10,1100,82.25
736,7,7.08,7,7.17,7,7,10,10,10,10,0.1,0,0,0,1775.030545,82.25
737,7.67,7.5,7.25,7.67,7.42,7.42,10,10,10,7.33,0.11,2,0,2,1450,82.25
738,7.42,7.67,7.5,7.08,7.5,7.42,10,10,10,7.67,0,0,0,9,1,82.25
739,7.58,7.67,7.5,7.67,7.83,8.42,9.33,9.33,9.33,7.58,0.12,0,0,0,1500,82.25
740,7.58,7.5,7.42,7.58,7.42,7.42,10,10,10,7.33,0.11,0,0,2,1350,82.25
741,7.58,7.42,7.33,7.42,7.58,7.5,10,10,10,7.42,0.13,0,0,0,1180,82.25
742,7.75,7.58,7.42,7.42,7.33,7.33,10,10,10,7.42,0.11,0,0,0,1100,82.25
743,7.5,7.5,7.5,7.5,7.5,7.5,10,10,10,7.25,0.11,0,0,0,650,82.25
744,7.58,7.58,7.42,7.42,7.42,7.42,10,10,10,7.42,0.12,0,0,4,1338,82.25
745,7.33,7.42,7.5,7.67,7.5,7.42,10,10,10,7.42,0,0,0,1,1775.030545,82.25
746,7.58,7.58,7.5,7.17,7.42,7.42,10,10,10,7.58,0.16,0,3,8,533,82.25
747,7.5,7.5,7.33,7.58,7.67,7.33,10,10,10,7.33,0.11,0,0,2,1390.8024,82.25
748,7.5,7.58,7.42,7.67,7.33,7.42,10,10,10,7.33,0.13,0,0,3,1170,82.25
749,7.67,7.58,7.33,7.5,7.42,7.42,10,10,10,7.33,0.12,0,0,13,1250,82.25
750,7.75,7.33,7.33,7.5,7.5,7.5,10,10,10,7.33,0,0,2,5,1775.030545,82.25
751,7.33,7.58,7.42,7.67,7.33,7.5,10,10,10,7.42,0.11,0,0,0,1100,82.25
752,7.42,7.5,7.42,7.58,7.42,7.5,10,10,10,7.42,0.1,0,0,3,900,82.25
753,7.5,7.42,7.67,7.33,7.58,7.33,10,10,10,7.42,0.12,0,0,1,1750,82.25
754,7.67,7.33,7.33,7.33,7.5,7.5,10,10,10,7.58,0.11,0,0,0,1775,82.25
755,7.67,7.58,7.42,7,7.5,7.58,10,10,10,7.5,0.12,0,0,1,1775.030545,82.25
756,7.17,7.25,7.58,7.25,7.58,7.67,10,10,10,7.75,0.22,0,0,2,1775.030545,82.25
757,7.42,7.42,7.5,7.42,7.42,7.5,10,10,10,7.5,0.11,1,0,5,934,82.17
758,7.5,7.5,7.17,7.42,7.5,7.5,10,10,10,7.58,0.11,1,0,2,1500,82.17
759,7.5,7.5,7.33,7.42,7.5,7.42,10,10,10,7.5,0.1,0,0,1,1000,82.17
760,7.58,7.42,7.42,7.33,7.5,7.42,10,10,10,7.5,0.13,0,1,6,1650,82.17
761,7.42,7.42,7.42,7.5,7.5,7.33,10,10,10,7.58,0.12,0,0,1,1600,82.17
762,6.92,7.58,7.42,7.33,7.83,7.5,10,10,10,7.58,0,0,0,1,1,82.17
763,7.42,7.42,7.17,7.75,7.25,7.67,10,10,10,7.5,0.12,0,0,0,800,82.17
764,7.67,7.5,7.25,7.42,7.58,7.42,10,10,10,7.33,0.11,0,0,2,1350,82.17
765,7.42,7.42,7.5,7.5,7.42,7.5,10,10,10,7.42,0.09,0,0,4,1500,82.17
766,7.58,7.5,7.42,7.25,7.5,7.42,10,10,10,7.5,0.12,0,0,1,1775.030545,82.17
767,7.75,7.42,7.42,7.58,7.33,7.42,10,10,10,7.25,0.12,0,0,1,1700,82.17
768,7.42,7.33,7.17,7.42,7.33,8.17,10,10,10,7.33,0.12,0,0,0,1100,82.17
769,7.5,7.5,7.33,7.42,7.5,7.42,10,10,10,7.5,0.1,0,1,1,1400,82.17
770,7.5,7.5,7.5,7.5,7.5,7.5,10,10,10,7.17,0.11,0,0,0,1200,82.17
771,7.67,7.5,7.5,7.17,7.17,7.58,10,10,10,7.58,0,0,0,0,800,82.17
772,7.33,7.25,7.25,7.58,7.75,7.5,10,10,10,7.5,0,0,0,1,1750,82.17
773,7.5,7.67,7,7.5,7.33,7.5,10,10,10,7.67,0.15,0,1,9,1144,82.17
774,7.25,7.75,7,7.75,8.17,7.75,10,10,9.33,7.17,0.12,0,0,2,1350,82.17
775,7.5,7.58,7.25,7.5,7.5,7.33,10,10,10,7.5,0.12,0,0,4,1000,82.17
776,7,7.67,7.5,7.5,7.42,7.5,10,10,10,7.58,0.1,0,0,1,1200,82.17
777,7.58,7.67,7.42,7.17,7.17,7.75,10,10,10,7.42,0.08,0,0,0,1800,82.17
778,7.5,7.5,7.42,7.42,7.5,7.42,10,10,10,7.33,0.15,0,0,3,1300,82.08
779,7.75,7.58,7.42,7.67,7.83,7.58,9.33,9.33,10,7.58,0,7,0,6,1775.030545,82.08
780,7.42,7.58,7.42,7.5,7.42,7.25,10,10,10,7.5,0.11,1,0,3,894,82.08
781,7.25,7.25,7.58,7.58,7.25,7.92,10,10,10,7.25,0,0,0,1,1,82.08
782,7.75,7.42,7.42,7.25,7.17,7.42,10,10,10,7.67,0,0,0,0,1300,82.08
783,7.42,7.33,7.42,7.42,7.5,7.58,10,10,10,7.42,0.12,0,0,5,1500,82.08
784,7.42,7.5,7.5,7.33,7.33,7.5,10,10,10,7.5,0.12,0,0,3,1600,82.08
785,7.5,7.42,7.42,7.42,7.67,7.42,10,10,10,7.25,0.11,0,1,0,1775.030545,82.08
786,7.58,7.33,7.33,7.33,7.5,7.67,10,10,10,7.33,0.11,0,0,2,13,82.08
787,7.25,7.58,7.58,7.25,7.5,7.42,10,10,10,7.5,0.11,0,0,0,1775.030545,82.08
788,7.42,7.58,7.5,7.33,7.42,7.42,10,10,10,7.42,0.13,0,0,7,1300,82.08
789,7.5,7.42,7.42,7.5,7.25,7.5,10,10,10,7.5,0.13,0,3,13,1800,82.08
790,7.67,7.5,7.25,7.58,7.42,7.33,10,10,10,7.33,0.11,0,0,11,1250,82.08
791,7.67,8,7.17,7.08,7.67,7.08,10,10,10,7.42,0.12,0,0,2,1040,82.08
792,7.58,7.42,7.25,7.75,7.33,7.42,10,10,10,7.33,0.11,0,0,1,1250,82.08
793,7.33,7.5,7.33,7.58,7.08,7.83,10,10,10,7.42,0.1,0,0,2,1775.030545,82.08
794,7.67,7.42,7.67,7.33,7.25,7.58,10,10,10,7.17,0.08,0,1,5,1600,82.08
795,7.5,7.5,7.17,7.5,7.5,7.42,10,10,10,7.42,0.12,0,0,1,1600,82
796,7.5,7.5,7.25,7.33,7.42,7.5,10,10,10,7.5,0.1,1,0,7,1600,82
797,7.5,7.33,7.42,7.5,7.33,7.42,10,10,10,7.5,0.11,2,0,3,944,82
798,7.67,7.33,7.33,7.42,7.42,7.42,10,10,10,7.42,0.13,0,0,20,1650,82
799,7.42,7.5,7.25,7.33,7.5,7.5,10,10,10,7.5,0.12,0,0,0,1250,82
800,7.42,7.42,7.33,7.58,7.33,7.42,10,10,10,7.5,0.12,0,0,3,1350,82
801,7.5,7.42,7.33,7.58,7.33,7.5,10,10,10,7.33,0.13,0,0,1,2500,82
802,7.33,7.5,7.17,7.42,7.5,7.33,10,10,10,7.75,0.09,0,0,0,600,82
803,7.58,7.5,7.42,7.42,7.33,7.42,10,10,10,7.33,0.11,0,0,0,800,82
804,7.5,7.25,7.33,7.33,7.75,7.5,10,10,10,7.33,0.1,0,0,4,1300,82
805,7.33,7.33,7.33,7.5,7.5,7.83,10,10,10,7.17,0.11,0,0,5,1400,82
806,7.33,7.33,7.58,7.5,7.5,7.58,10,10,10,7.17,0.11,0,0,1,1900,82
807,7.42,7.58,7.33,7.42,8,7.5,9.33,10,10,7.42,0.12,0,0,0,650,82
808,7.33,7.67,7.42,7.17,7.33,7.42,10,10,10,7.67,0.11,0,0,0,1038.5,82
809,7.67,7.33,7.25,7.5,7.42,7.42,10,10,10,7.42,0.12,0,0,1,940,82
810,7.42,7.5,7.33,7.5,7.33,7.5,10,10,10,7.42,0.12,0,0,1,1000,82
811,7.42,7.5,7.25,7.5,7.5,7.42,10,10,10,7.42,0.11,0,0,1,1050,82
812,7.33,7.33,7.33,7.5,7.67,7.67,10,10,10,7.17,0.11,0,0,3,1775.030545,82
813,7.58,7.5,7.17,7.5,7.5,7.42,10,10,10,7.33,0.12,0,0,2,950,82
814,7.75,7.33,7.33,7.42,7.75,7.67,10,10,9.33,7.42,0,0,0,10,1402.08,82
815,7.33,7,7.08,7.42,7.5,7.67,10,10,10,8,0.07,0,0,2,1775,82
816,7.58,7.5,7.25,7.58,7.58,7.5,9.33,10,10,7.58,0.1,0,0,1,1901,81.92
817,7.5,7.5,7.25,7.42,7.42,7.42,10,10,10,7.42,0.11,2,0,0,1219.2,81.92
818,7.58,7.5,7.25,7.33,7.42,7.5,10,10,10,7.33,0.12,0,0,1,1400,81.92
819,7.42,7.33,7.33,7.5,7.5,7.33,10,10,10,7.5,0.11,0,0,4,1020,81.92
820,7.67,7.58,7.33,7.5,7.5,7.67,10,10,9.33,7.33,0.11,0,0,2,1250,81.92
821,7.58,7.58,7.17,7.83,7.17,7.33,10,10,10,7.25,0.11,0,0,7,1550,81.92
822,7.33,7.33,7.33,7.42,7.5,7.58,10,10,10,7.42,0.12,0,0,4,1877,81.92
823,7.58,7.42,7.25,7.17,7.5,7.67,10,10,10,7.33,0.12,0,3,4,1775.030545,81.92
824,7.67,7.08,7.42,7.33,7.75,7.42,10,10,10,7.25,0,0,1,3,1250,81.92
825,7.42,7.33,7.33,7.58,7.33,7.5,10,10,10,7.42,0.11,0,0,0,1775.030545,81.92
826,7.5,7.5,7.42,7.25,7.5,7.5,10,10,10,7.25,0.11,0,0,0,1000,81.92
827,7.58,7.5,7.25,7.58,7.5,7.25,10,10,10,7.25,0.12,0,0,6,1300,81.92
828,7.5,7.5,7.25,7.25,7.5,7.5,10,10,10,7.42,0.13,0,2,7,981,81.92
829,7.5,7.42,7.25,7.5,7.33,7.33,10,10,10,7.58,0.14,0,2,8,690,81.92
830,7.33,7.58,7.17,7.58,7.42,7.33,10,10,10,7.5,0.12,0,0,4,1650,81.92
831,7.67,7.42,7.33,7.83,7.5,7.5,9.33,10,10,7.33,0.12,0,0,0,1000,81.92
832,7.42,7.58,7.25,7.5,7.33,7.5,10,10,10,7.33,0.12,0,0,3,1100,81.92
833,7.67,7.33,7.33,7.58,7.33,7.33,10,10,10,7.33,0.09,0,0,1,1600,81.92
834,7.42,7.5,7.25,7.5,7.33,7.42,10,10,10,7.42,0.1,0,1,1,157.8864,81.83
835,7.25,7.33,7.5,7.33,7.67,7.42,10,10,10,7.33,0,0,1,4,1900,81.83
836,7.42,7.5,7.42,7.5,7.42,7.25,10,10,10,7.33,0.11,1,0,3,973,81.83
837,7.75,7.83,7.58,7.75,7.92,7.83,10,10,10,5.17,0.11,1,0,0,1250,81.83
838,7.58,7.5,7.33,7.42,7.58,7.25,10,10,10,7.17,0.1,0,2,6,3280,81.83
839,7.17,7.58,6.83,7.5,7.75,7.25,10,10,10,7.75,0,0,0,1,1,81.83
840,7.58,7,6.92,6.92,7.67,7.5,10,10,10,8.25,0,0,0,0,1,81.83
841,7.33,7.58,7.5,7.42,7.33,7.33,10,10,10,7.33,0,0,0,2,4001,81.83
842,7.58,7.5,7.33,7.5,7.17,7.33,10,10,10,7.42,0.11,0,0,7,1425,81.83
843,7.5,7.5,7.33,7.5,7.42,7.25,10,10,10,7.33,0.12,0,0,1,1400,81.83
844,7.67,7.5,7.5,7.25,7.08,7.42,10,10,10,7.42,0.09,0,0,0,1300,81.83
845,7.67,7.33,7.17,7.25,7.75,7.33,10,10,10,7.33,0,0,0,0,700,81.83
846,7.42,7.42,7.42,7.33,7.42,7.42,10,10,10,7.42,0.11,0,2,6,1300,81.83
847,7.58,7.42,7.33,7.33,7.33,7.42,10,10,10,7.42,0.13,0,0,0,1556,81.83
848,7.33,7.58,7.25,7.17,7.83,7.33,10,10,10,7.33,0.11,0,0,0,1100,81.83
849,7.5,7.5,7.33,7.33,7.33,7.33,10,10,10,7.5,0.1,0,0,4,1350,81.83
850,7.42,7.42,7.25,7.5,7.33,7.42,10,10,10,7.5,0.11,0,0,0,1550,81.83
851,7.5,7.5,7,7.42,7.5,7.58,10,10,10,7.33,0,0,2,0,1775,81.83
852,7.83,7.83,7.83,8,7.83,7.83,10,6.67,10,8,0,0,1,1,1775.030545,81.83
853,7.75,7.75,7.5,7.42,7.83,7.75,9.33,9.33,9.33,7.83,0.12,0,0,0,1250,81.83
854,7.83,7.67,7.33,7.33,7.67,7.83,9.33,10,9.33,7.5,0.11,0,0,1,1310.64,81.83
855,7.83,7.33,7.25,7.58,7.25,7.33,10,10,10,7.25,0.12,0,0,2,1500,81.83
856,7.33,7.33,7.25,7.5,7.5,7.5,10,10,10,7.42,0.12,0,0,10,1250,81.83
857,7.33,7.67,7.25,7.5,7.5,7.25,10,10,10,7.33,0.02,0,0,2,925,81.83
858,7.58,7.5,7.17,7.58,7.33,7.33,10,10,10,7.33,0.05,0,0,0,1700,81.83
859,7.25,7.58,7.83,7.67,7.75,7.75,9.33,9.33,10,7.33,0.02,0,3,12,1775.030545,81.83
860,7.5,7.5,7.25,7.42,7.42,7.33,10,10,10,7.33,0.11,1,0,1,1700,81.75
861,7,7.08,7.33,7.5,7.5,7.33,10,10,10,8,0.12,0,0,0,1040,81.75
862,7.42,7.42,7.42,7.42,7.33,7.33,10,10,10,7.42,0.12,0,0,4,1600,81.75
863,7.17,7.25,7.17,7.25,7.42,8.25,10,10,10,7.25,0.1,0,0,1,1775.030545,81.75
864,7.5,7.5,7.33,7.42,7.25,7.25,10,10,10,7.5,0.13,0,2,9,774,81.75
865,7.42,7.5,7.17,7.67,7.33,7.42,10,10,10,7.25,0.13,0,0,23,1250,81.75
866,7.42,7.5,7.33,7.58,7.33,7.33,10,10,10,7.25,0.11,0,0,1,1100,81.75
867,7.33,7.42,7.33,7.67,7.42,7.25,10,10,10,7.33,0.12,0,10,14,1550,81.75
868,7.5,7.42,7.25,7.33,7.67,7.25,10,10,10,7.33,0.12,0,0,1,1650,81.75
869,7.33,7.42,7.33,7.33,7.5,7.67,10,10,10,7.17,0,0,0,1,1750,81.75
870,7.42,7.58,6.92,7.08,7.25,8,10,10,10,7.5,0.08,0,0,0,1775,81.75
871,7.42,7.5,7.25,7.5,7.5,7.25,10,10,10,7.25,0.11,0,0,5,890,81.67
872,7.42,7.42,7.08,7.42,7.33,7.42,10,10,10,7.58,0.1,0,0,1,1700,81.67
873,7.42,7.33,7.17,7.67,7.33,7.42,10,10,10,7.33,0.12,1,0,3,1219.2,81.67
874,7.58,7.5,7.33,7.33,7.42,7.25,10,10,10,7.25,0.11,0,0,2,1450,81.67
875,7.17,7.33,7.33,7.42,7.5,7.33,10,10,10,7.58,0,0,0,1,1800,81.67
876,7.58,7.5,7.25,7.25,7.5,7.25,10,10,10,7.33,0.1,0,0,1,1775.030545,81.67
877,7.75,7.75,7.75,7.67,5.25,7.83,10,10,10,7.67,0,1,0,1,1775.030545,81.67
878,7.25,7.75,6.92,7.42,7.5,7.58,10,10,10,7.25,0,0,0,0,1,81.67
879,7.42,7.33,7.25,7.42,7.5,7.42,10,10,10,7.33,0.12,0,0,0,1500,81.67
880,7.33,7.33,7.5,7.25,7.42,7.33,10,10,10,7.5,0.12,0,0,7,1700,81.67
881,7.25,7.42,7.25,7.5,7.5,7.42,10,10,10,7.33,0.1,0,0,2,1260,81.67
882,7.17,7.42,7.33,7.42,7.33,7.42,10,10,10,7.58,0.11,0,0,0,1775.030545,81.67
883,7.5,7.33,7.5,7.5,7.17,7.17,10,10,10,7.5,0.1,0,0,5,1400,81.67
884,7.5,7.17,7.17,7.17,7.5,7.08,10,10,10,8.08,0.11,0,0,3,1850,81.67
885,7.42,7.42,7.67,8,7.58,7.5,9.33,9.33,10,7.42,0,0,0,4,1775.030545,81.67
886,7.5,7.5,7.5,7.25,7.42,7.25,10,10,10,7.25,0.11,0,0,0,150,81.67
887,7.58,7.42,7.33,7.42,7.33,7.33,10,10,10,7.25,0.11,0,0,0,750,81.67
888,7.5,7.42,7.08,7.58,7.33,7.33,10,10,10,7.42,0.12,0,0,6,1400,81.67
889,7.5,7.67,7.33,7.33,7.33,7.33,10,10,10,7.17,0.11,0,0,4,1752.6,81.67
890,7.25,7.67,7.58,7.67,7.67,7.58,8.67,10,10,7.58,0.13,0,1,13,1650,81.67
891,7.67,7.25,7.17,7.75,7.5,7.25,10,10,10,7.08,0.11,0,0,4,1400,81.67
892,7.5,7.42,7.33,7.42,7.42,7.42,10,10,10,7.17,0.11,0,0,2,1200,81.67
893,7.58,7.42,7.25,7.58,7.25,7.17,10,10,10,7.42,0.11,0,0,2,1400,81.67
894,7.75,7.58,7.25,7.17,7.58,7.33,9.33,10,10,7.67,0.11,0,0,4,940,81.67
895,7.42,7.33,7.33,7.33,7.17,7.83,10,10,10,7.25,0.1,0,1,1,1775.030545,81.67
896,7.5,7.42,7.08,7.42,7.5,7.33,10,10,10,7.33,0.11,1,0,3,1200,81.58
897,7.42,7.42,7.08,7.5,7.42,7.33,10,10,10,7.42,0.12,0,0,0,190164,81.58
898,7.42,7.42,7.25,7.67,7.33,7.25,10,10,10,7.25,0.1,0,0,0,800,81.58
899,7.58,7.42,7.5,7.17,7.08,7.58,10,10,10,7.25,0.12,0,0,1,13,81.58
900,7.42,7.42,7.33,7.42,7.42,7.33,10,10,10,7.25,0.12,0,0,5,1800,81.58
901,7.42,7.42,7.17,7.58,7.33,7.33,10,10,10,7.33,0.13,0,0,0,1100,81.58
902,7.33,7.17,7.08,7.08,8.33,8.25,10,10,9.33,7,0,0,0,0,850,81.58
903,7.42,7.42,7.33,7.33,7.5,7.25,10,10,10,7.33,0.12,0,0,3,1260,81.58
904,7.42,7.33,7.17,7.58,7.42,7.5,10,10,10,7.17,0.12,0,0,1,1310.64,81.58
905,7.67,7.5,7.42,7.5,6.75,7.42,10,10,10,7.33,0.12,0,0,9,1400,81.58
906,7.33,7.5,7.25,7.5,7.5,7.17,10,10,10,7.33,0.11,0,0,0,1600,81.58
907,7.67,7.58,7.42,7.58,7.58,7.42,10,10,8.67,7.67,0.11,0,0,2,1650,81.58
908,7.08,7.33,7.58,7.58,7.17,7.5,10,10,10,7.33,0.01,0,0,0,1499.9208,81.58
909,7.33,7.33,7.17,7.5,7.58,7.33,10,10,10,7.33,0.2,0,0,0,1775.030545,81.58
910,7.25,7.17,7.33,7.33,7.5,7.75,10,10,10,7.25,0,0,0,1,1600.2,81.58
911,7.67,7.58,7.17,7.42,7.33,7.42,9.33,10,10,7.58,0.1,0,0,0,1219.2,81.5
912,7.5,7.42,7.33,7.33,7.25,7.33,10,10,10,7.33,0.11,0,0,3,1100,81.5
913,7.5,7.5,7.33,7.42,7.17,7.25,10,10,10,7.33,0.1,0,0,5,1400,81.5
914,7.5,7.42,7.25,7.25,7.5,7.25,10,10,10,7.33,0.12,0,0,0,1775.030545,81.5
915,7.5,7.42,7.33,7.08,7.58,7.25,10,10,10,7.33,0.12,0,0,2,180,81.5
916,7.25,7.42,7.25,7.5,7.33,7.33,10,10,10,7.42,0,0,0,4,1219.2,81.5
917,7.83,7.33,7.08,7.08,7.33,7.5,10,10,10,7.33,0.12,0,1,2,1200,81.5
918,7.67,7.42,6.92,7.5,7.5,7.17,10,10,10,7.33,0.12,0,0,0,1599,81.5
919,7.5,7.42,7.17,7.58,7.25,7.42,10,10,10,7.17,0.12,0,0,0,1219.2,81.5
920,7.42,7.33,7.67,7.33,7.42,7.5,10,10,9.33,7.5,0.11,0,0,0,900,81.5
921,7.58,7.5,7.5,7.67,7.67,7.83,9.33,9.33,9.33,7.75,0,0,1,1,1200,81.5
922,7.42,7.33,7.25,7.42,7.42,7.33,10,10,10,7.33,0.11,0,0,0,825,81.5
923,7.5,7.42,7.25,7.25,7.33,7.33,10,10,10,7.42,0.11,0,0,0,600,81.5
924,7.33,7.33,7.17,7.42,7.5,7.5,10,10,10,7.25,0.13,0,0,2,1150,81.5
925,7.58,7.42,7.25,7.42,7.33,7.33,10,10,10,7.17,0.12,0,0,5,1600,81.5
926,7.42,7.25,7.17,7.42,7.17,8,10,10,10,7.08,0.12,0,0,10,1100,81.5
927,7.33,7.5,7.33,7.33,7.33,7.42,10,10,10,7.25,0.11,0,0,6,1000,81.5
928,7.42,7.42,7.33,7.17,7.25,7.42,10,10,10,7.5,0.13,0,0,5,1250,81.5
929,7.5,7.5,7.25,7.5,7.42,7.58,9.33,10,10,7.42,0.11,0,0,3,1100,81.5
930,7.75,7.17,7.17,7.33,7.58,7.33,10,10,10,7.17,0.12,0,0,0,1400,81.5
931,7.5,7.42,7.17,7.42,7.5,7.33,10,10,10,7.17,0.12,0,0,2,125,81.5
932,7.33,7.5,7.33,7.42,7.17,7.33,10,10,10,7.42,0.11,0,0,1,1775.030545,81.5
933,7.42,7.42,7.17,7.42,7.42,7.33,10,10,10,7.33,0.06,0,1,0,1450,81.5
934,7.33,7.33,7.33,7.5,7.5,7.83,9.33,10,10,7.33,0,0,0,17,1775.030545,81.5
935,7.58,7.33,7.08,7.33,7.5,7.33,10,10,10,7.25,0.12,5,1,17,1100,81.42
936,7.42,7.33,7.08,7.58,7.33,7.25,10,10,10,7.42,0.1,0,0,0,1371.6,81.42
937,7.33,7.5,7.5,7.33,6.83,7.42,10,10,10,7.5,0.11,0,0,2,1100,81.42
938,7.5,7.33,7.17,7.25,7.5,7.42,10,10,10,7.25,0.12,0,0,1,1400,81.42
939,7.83,7.75,7.42,7.17,7.08,7.08,10,10,10,7.08,0.12,0,0,0,110,81.42
940,7.58,7.17,7.33,7.42,7.08,7.42,10,10,10,7.42,0.12,0,0,0,1422,81.42
941,7.25,7.5,7.42,7.17,7.33,7.33,10,10,10,7.42,0,0,0,0,1100,81.42
942,7.42,7.5,7.17,7.42,7.42,7.42,10,10,10,7.08,0.1,0,0,6,1550,81.42
943,7.67,7.33,7.25,7.17,7.25,7.42,10,10,10,7.33,0,0,1,1,1550,81.42
944,7.42,7.42,7.17,7.33,7.42,7.42,10,10,10,7.25,0.1,0,1,5,1775.030545,81.42
945,7.42,7.33,7.25,7.42,7.42,7.5,10,10,10,7.08,0.12,0,0,4,1310.64,81.42
946,7.42,7.33,7.25,7.17,7.25,7.42,10,10,10,7.58,0.13,0,1,8,763,81.42
947,7.42,7.42,7.25,7.25,7.5,7.33,10,10,10,7.25,0.13,0,0,1,1100,81.42
948,7.5,7.42,7.25,7.17,7.17,7.75,10,10,10,7.17,0.11,0,0,0,1750,81.42
949,7.75,7.33,7.42,7,7.33,7.25,10,10,10,7.33,0.16,0,0,2,1880,81.42
950,7.83,7,7,7.58,7.58,7.5,10,10,10,6.92,0.01,0,0,10,1775.030545,81.42
951,7.5,7.33,7.33,7.17,7.33,7.42,10,10,10,7.25,0,0,0,0,1775.030545,81.33
952,7.5,7.5,7,7.17,7.5,7.33,10,10,10,7.33,0.11,2,0,3,1500,81.33
953,7.67,7.42,7,7.42,7.58,7.08,10,10,10,7.17,0.12,2,0,0,1130,81.33
954,7.25,7.33,7.33,7.33,7.33,7.42,10,10,10,7.33,0.11,0,0,14,1100,81.33
955,7.58,7.42,7.17,7.42,7.17,7.17,10,10,10,7.42,0.09,0,0,4,1350,81.33
956,7.17,7.33,7.42,7.25,7.42,7.33,10,10,10,7.42,0.12,0,0,6,1200,81.33
957,7.08,7.33,7.42,7.33,7.33,7.5,10,10,10,7.33,0.14,0,0,3,1400,81.33
958,7.75,7.33,7.08,7.33,7.33,7.25,10,10,10,7.25,0.13,0,0,1,1200,81.33
959,7.33,7.33,7.17,7.33,7.5,7.33,10,10,10,7.33,0.12,0,0,3,1450,81.33
960,7.58,7.42,7.25,7.33,7.25,7.25,10,10,10,7.25,0.13,0,4,13,1800,81.33
961,7.33,7.25,7.17,7.42,7.58,7.33,10,10,10,7.25,0.12,0,0,4,1000,81.33
962,7.5,7.58,7.5,7.5,7.75,7.83,9.33,9.33,9.33,7.58,0.11,0,0,0,1100,81.33
963,7.83,7.75,7.67,7.83,7.83,7.75,9.33,10,10,5.25,0.12,0,0,0,680,81.25
964,7.17,7.42,7.17,7.08,6.92,8.17,10,10,10,7.33,0,0,0,1,1,81.25
965,7.08,7.5,7.33,7.17,7.42,7.25,10,10,10,7.5,0.1,0,0,4,1100,81.25
966,7.42,7.17,7.17,7.5,7.33,7.25,10,10,10,7.42,0.12,0,0,1,1400,81.25
967,7.33,7.42,7.17,7.25,7.42,7.33,10,10,10,7.33,0.09,0,0,2,1700,81.25
968,7.33,7.17,7.17,7.5,7.25,7.42,10,10,10,7.42,0.13,0,0,5,1700,81.25
969,7.5,7.5,7.25,7.25,7.25,7.25,10,10,10,7.25,0.11,0,0,0,650,81.25
970,7.5,7.33,7.5,7.58,7,7.25,10,10,10,7.08,0.11,0,0,4,1524,81.25
971,7.42,7.42,7.33,7.33,7.5,7.42,9.33,10,10,7.5,0.12,0,0,1,1500,81.25
972,7.33,7.5,7.17,7.17,7.58,7.17,10,10,10,7.25,0.09,0,0,7,1200,81.17
973,7.67,7.17,7.17,7.33,7.5,7.17,10,10,10,7.17,0.12,0,0,2,1050,81.17
974,7.75,7.58,7.08,7.25,7.08,7.25,10,10,10,7.17,0.12,0,0,10,1200,81.17
975,7.5,7.5,7.33,7.17,7.08,7.17,10,10,10,7.42,0.11,0,0,0,1300,81.17
976,7.42,7.33,7,7.42,7.33,7.33,10,10,10,7.33,0.13,0,0,1,1450,81.17
977,6.83,7.42,7.42,7.17,7.5,7.42,10,10,10,7.42,0.12,0,0,0,1450,81.17
978,7.25,7.25,7.25,7.08,7.58,7.5,10,10,10,7.25,0,0,0,4,1200,81.17
979,7.58,7.17,7.17,7.33,7.33,7.25,10,10,10,7.33,0.12,0,0,2,1550,81.17
980,7.58,7.25,7.33,7.08,7.33,7.33,10,10,10,7.25,0.12,0,0,12,995,81.17
981,7.33,7.08,7.33,7.25,7.33,7.58,10,10,10,7.25,0.11,0,0,3,1300,81.17
982,7.42,7.42,7.17,7.42,7.33,7.25,10,10,10,7.17,0.11,0,0,3,1775.030545,81.17
983,7.42,7.25,7.08,7.75,7.42,7.17,10,10,10,7.08,0.13,0,3,7,1800,81.17
984,7.42,7.25,7.33,7.25,7.25,7.42,10,10,10,7.25,0.12,0,0,4,1450,81.17
985,7.42,7.33,7.25,7.42,7.5,7.17,10,10,10,7.08,0.12,0,0,1,1000,81.17
986,7.25,7.75,7.67,7.67,7.42,7.67,8.67,9.33,10,7.75,0.04,0,3,0,1775.030545,81.17
987,7.42,7.33,7.17,7.33,7.42,7.17,10,10,10,7.25,0.11,0,0,1,1775.030545,81.08
988,7.58,7.42,7.5,7.25,7.75,7.58,9.33,10,9.33,7.33,0.11,0,5,8,695,81.08
989,7.33,7.33,7.33,7.42,7.33,7.33,10,10,10,7,0.11,0,0,1,1100,81.08
990,7.42,7.17,7.33,7.42,7.25,7.33,10,10,10,7.17,0,0,0,0,1706.88,81.08
991,7.42,7.33,7.33,7.25,7.25,7.33,10,10,10,7.17,0.13,0,0,2,1456,81.08
992,7.42,7.25,7.17,7.25,7.25,7.58,10,10,10,7.17,0.13,0,0,0,1500,81.08
993,7.67,7.75,7.67,7.58,7.58,7.67,6.67,10,10,8.5,0,0,0,0,853.44,81.08
994,7.25,7.42,7.33,7.33,7.17,7.33,10,10,10,7.25,0.13,0,5,16,1650,81.08
995,7.33,7.25,7.33,7.42,7.25,7.42,10,10,10,7.08,0.12,0,0,2,1300,81.08
996,7.33,7.33,7.25,7.42,7.25,7.25,10,10,10,7.25,0.11,0,0,5,1642,81.08
997,7.42,7.33,7.25,7.42,7.17,7.25,10,10,10,7.25,0.1,0,0,1,1200,81.08
998,7.42,7.42,7.25,7.58,6.92,7.17,10,10,10,7.33,0.06,0,0,0,1775.030545,81.08
999,7.25,7.25,7.17,7.5,7.33,7.17,10,10,10,7.33,0.11,6,0,9,1775.030545,81
1000,7.42,7.08,7.08,7.33,7.25,7.58,10,10,10,7.25,0,2,0,6,1450,81
1001,7.33,7.17,7.17,7.67,7.33,7.17,10,10,10,7.17,0.11,2,0,3,1775.030545,81
1002,7.42,7.25,7.17,7.5,7.25,7.17,10,10,10,7.25,0.09,0,0,8,3280,81
1003,7.67,7.5,7.42,5.25,7.67,7.75,10,10,10,7.75,0,4,0,4,1600,81
1004,7.5,7.25,7,7.25,7.5,7.25,10,10,10,7.25,0.11,0,0,1,1219.2,81
1005,7.25,7.17,7.17,7.25,7.5,7.33,10,10,10,7.33,0.12,0,0,0,758,81
1006,7.42,7.25,7.25,7.33,7.25,7.17,10,10,10,7.33,0.12,0,0,1,1350,81
1007,7.67,7.75,7.83,7.75,7.83,7.75,10,6.67,10,7.75,0.12,0,0,0,1775.030545,81
1008,7.33,7.33,7.08,7.42,7.17,7.33,10,10,10,7.33,0.12,0,0,5,1525,81
1009,7.33,6.92,7.17,7.33,7.42,7.42,10,10,10,7.42,0.12,0,0,3,1700,81
1010,7.5,6.92,7.33,7.33,7.33,7.33,10,10,10,7.25,0.11,0,0,0,1100,81
1011,7.33,7.42,7.25,7.42,7.25,7.17,10,10,10,7.17,0,0,0,3,800,81
1012,7.08,7.33,7.33,7.33,7.42,7.25,10,10,10,7.25,0.12,0,0,12,950,81
1013,7.58,7.67,7.5,7.67,7.58,7.5,8,10,10,7.5,0,0,0,8,1100,81
1014,7.33,7.17,7.25,7.33,7.33,7.25,10,10,10,7.25,0,0,0,0,200,80.92
1015,7.67,7.67,7.33,7.58,7.67,7.5,9.33,9.33,9.33,7.5,0.1,0,0,2,1901,80.92
1016,7.17,7.58,7.5,7.5,8,7.75,10,10,10,5.42,0.11,0,0,3,1600,80.92
1017,7.5,7.33,7.17,7.42,7.5,7.33,9.33,10,10,7.33,0.11,0,0,11,1100,80.92
1018,7.17,7.42,7,7.58,7.33,7,10,10,10,7.42,0,0,0,5,1066.8,80.92
1019,7.42,7.08,7.17,7.17,7.58,7.25,10,10,10,7.25,0.1,0,2,5,1775.030545,80.92
1020,7.33,7.17,7.17,7.25,7.42,7.33,10,10,10,7.25,0.12,0,0,0,1700,80.92
1021,7.25,7.33,7.25,7.25,7.25,7.33,10,10,10,7.25,0.12,0,0,8,1200,80.92
1022,7.92,7.67,7.33,7.08,7.08,7.08,10,10,10,6.75,0.09,0,0,0,550,80.92
1023,7.17,7.42,7.17,7.25,7.25,7.33,10,10,10,7.33,0.1,0,0,0,1100,80.92
1024,7.33,7.08,7.25,7,7.5,7.42,10,10,10,7.33,0.1,0,1,3,1050,80.92
1025,7.58,7.42,6.92,7.5,7.25,7.17,10,10,10,7.08,0.12,0,2,5,1524,80.92
1026,7.42,7.25,7.25,7.25,7.25,7.25,10,10,10,7.25,0.11,0,0,0,900,80.92
1027,7.25,7.17,7.08,7.08,7.08,8.08,10,10,10,7.17,0.11,0,0,0,688,80.92
1028,7.42,7.25,7.25,7.25,7.25,7.25,10,10,10,7.25,0.11,0,0,0,300,80.92
1029,7.58,7.33,7.08,7.5,7.17,7.25,10,10,10,7,0.13,0,0,12,1186,80.92
1030,7.67,7.58,7.33,7.33,7.17,7,10,10,10,6.83,0,0,0,0,1775.030545,80.92
1031,7.42,7.33,7.17,7.17,7.17,7.25,10,10,10,7.33,0,0,0,0,1300,80.83
1032,7.67,7.25,7.08,7.33,7.17,7.25,10,10,10,7.08,0.11,0,0,1,1200,80.83
1033,7.17,7.08,7.25,7.42,7.25,7.33,10,10,10,7.33,0.13,0,0,7,1210,80.83
1034,7.33,7.25,7.33,7.33,7.25,7.17,10,10,10,7.17,0.11,0,0,3,1100,80.83
1035,7.5,7.17,7.33,7.25,7.17,7.17,10,10,10,7.25,0.13,0,0,1,100,80.83
1036,7.42,7.33,7,7.25,7.33,7.5,10,10,10,7,0.1,0,2,0,1775.030545,80.83
1037,7.33,7.33,7,6.83,7.33,7.67,10,10,10,7.33,0.01,0,0,1,1800,80.83
1038,7.17,7.25,7.08,7.17,7.25,7.58,10,10,10,7.25,0,0,0,1,1775.030545,80.75
1039,6.92,7.5,7,7.58,7.5,7.08,10,10,10,7.17,0,0,0,2,3825,80.75
1040,7.5,7.33,7,7.42,7.17,7.17,10,10,10,7.17,0.12,0,0,1,1706.88,80.75
1041,7.25,7.25,7.17,7.25,7.33,7.25,10,10,10,7.25,0.12,0,0,5,110000,80.75
1042,7.5,7.33,7,7.42,7.25,7.17,10,10,10,7.08,0.11,0,0,2,1450,80.75
1043,7.25,7.33,7.17,7.33,7.33,7.17,10,10,10,7.17,0.11,0,1,4,1680,80.75
1044,7.42,7.17,7.08,7.42,7.25,7.25,10,10,10,7.17,0.09,0,0,2,1350,80.75
1045,7.25,7.33,7.08,7.5,7.25,7.33,10,10,10,7,0.13,0,0,1,1450,80.75
1046,7.33,7.33,7.25,7.25,7.17,7.17,10,10,10,7.25,0.11,0,0,0,1300,80.75
1047,7.58,7.33,7.42,7.25,7.5,7.5,9.33,9.33,10,7.5,0.11,0,0,2,1200,80.75
1048,7.42,7,7.42,7.25,7.08,7.33,10,10,10,7.25,0.12,0,0,0,1000,80.75
1049,7.08,7.33,7.17,7.25,7.33,7.67,10,10,10,6.92,0.13,0,0,6,1775.030545,80.75
1050,7.33,7.08,7.08,7.08,7.42,7.33,10,10,10,7.33,0,0,0,1,1775.030545,80.67
1051,7.58,7.42,7,7.67,7.5,7.5,9.33,9.33,10,7.33,0.13,0,0,1,1350,80.67
1052,7.67,7.42,6.83,7.17,7.42,7.17,10,10,10,7,0.11,0,0,0,1500,80.67
1053,7.83,7.5,7.67,7.67,7.83,7.5,6.67,10,10,8,0.11,0,0,4,185,80.67
1054,7.5,7.25,7.17,7.17,7.25,7.17,10,10,10,7.17,0.12,0,0,1,995,80.67
1055,7.25,7.17,7.17,7.25,7.17,7.42,10,10,10,7.25,0.12,0,0,4,1200,80.67
1056,7.67,7.5,7.42,7.67,7.5,7.75,10,10,6.67,8.5,0,0,0,1,1550,80.67
1057,7.67,7.17,7,7.5,7,7,10,10,10,7.33,0.12,0,0,5,1550,80.67
1058,7,7.33,7.5,7.33,7,7.33,10,10,10,7.17,0.11,0,0,2,1775.030545,80.67
1059,7,7.5,7.33,7.17,7.17,7.17,10,10,10,7.33,0.11,0,0,3,1775.030545,80.67
1060,7.17,7.25,7.08,7.42,7.08,7.42,10,10,10,7.25,0.18,0,0,2,1775.030545,80.67
1061,7.33,7.25,7.33,7.08,7.58,7.25,9.33,10,10,7.42,0.11,0,0,7,1775.030545,80.58
1062,7.08,7.5,7,7.25,7.42,7,10,10,10,7.33,0.11,1,0,0,1775.030545,80.58
1063,7.25,7.08,7.08,7.33,7.33,7.25,10,10,10,7.25,0.12,0,0,1,1400,80.58
1064,7.42,7.25,7.33,7,7.08,7.25,10,10,10,7.25,0,0,0,3,1200,80.58
1065,7.5,7.17,7,7.42,7.33,7,10,10,10,7.17,0.11,0,0,5,1400,80.58
1066,7.17,7.42,6.83,7.5,7.17,7.25,10,10,10,7.25,0.11,0,0,5,1383.792,80.58
1067,7.42,7.58,7.5,7.92,7.83,7.83,8.67,8.67,9.33,7.83,0,0,0,0,1775.030545,80.58
1068,7.08,7.25,7,7.5,7.08,7.33,10,10,10,7.33,0,0,0,2,1775.030545,80.58
1069,7.17,7.17,7.17,7.42,7.17,7.25,10,10,10,7.17,0,0,0,0,50,80.5
1070,7.33,7.25,7.08,7.17,7.25,7.17,10,10,10,7.25,0.1,0,0,4,1500,80.5
1071,7.58,7.33,7,7.17,7.33,7.08,10,10,10,7,0.11,0,0,5,1650,80.5
1072,7.25,7.25,7.17,7.17,7.25,7.17,10,10,10,7.25,0.12,0,0,0,280,80.5
1073,7.25,7.33,7.17,7.5,7.33,7.25,9.33,10,10,7.33,0.11,0,0,3,1250,80.5
1074,7.17,7.33,7.17,7.42,7.25,7.08,10,10,10,7.08,0,0,0,2,3800,80.5
1075,7.5,7.17,6.83,7.5,7.17,7.17,10,10,10,7.17,0.11,0,0,3,1219.2,80.5
1076,7.42,7.42,7.08,7.33,7.67,7.5,9.33,9.33,10,7.42,0.1,0,0,10,1250,80.5
1077,7.42,7.33,7.33,7.58,7.58,7.42,8.67,10,10,7.17,0.11,0,1,0,1775.030545,80.5
1078,7.5,7.5,7,7.67,7.17,7,10,10,10,6.67,0.12,0,1,1,1859.28,80.5
1079,7.25,7.25,7.08,7.33,7.25,7.17,10,10,10,7.17,0.15,0,0,1,1450,80.5
1080,7.25,7.42,7,7.42,7.33,7,10,10,10,7,0.1,0,0,0,1450,80.42
1081,7.58,7.17,7.17,7.17,7.17,7.17,10,10,10,7,0.14,0,0,0,600,80.42
1082,7.33,7.17,7.08,7.08,7.33,7.17,10,10,10,7.25,0,0,0,1,1450,80.42
1083,7.25,7.08,7.25,7.17,7.33,7.17,10,10,10,7.17,0.17,0,0,14,1700,80.42
1084,7.25,7.25,7.17,7.25,7.25,7.25,10,10,10,7,0.11,0,0,0,600,80.42
1085,6.92,7.17,7.08,7.5,7.33,7.17,10,10,10,7.25,0.1,0,2,4,1050,80.42
1086,7.42,7.08,7.08,7.33,7.25,7.17,10,10,10,7.08,0.12,0,4,16,1550,80.42
1087,7.08,7.25,7.17,7.33,7.08,7.08,10,10,10,7.33,0.12,0,0,0,1700,80.33
1088,7.25,7.17,7,7.25,7.42,7.08,10,10,10,7.17,0.13,0,0,5,1700,80.33
1089,7.25,7.17,7.25,7.25,7.25,7.08,10,10,10,7.08,0.12,0,0,5,1775.030545,80.33
1090,7.25,7.25,7.08,7.25,7.25,7.25,10,10,10,7,0.11,0,0,0,600,80.33
1091,7.33,7.33,6.83,7.5,7,7.17,10,10,10,7.17,0.11,0,1,4,1310.64,80.33
1092,7.25,7.08,7.08,7.33,7.33,7.17,10,10,10,7.08,0.11,0,0,21,940,80.33
1093,7.17,7.5,6.92,7.33,7.67,7.33,9.33,10,10,7.08,0.12,0,5,7,1775.030545,80.33
1094,7.25,7.25,7.25,7.33,7.5,8,9.33,9.33,10,7.08,0.1,0,0,1,1775.030545,80.33
1095,7.17,7.33,7.42,7.08,7,7,10,10,10,7.25,0.11,1,0,1,995,80.25
1096,7.25,7.25,7,7,7.42,7,10,10,10,7.33,0.1,0,0,4,1400,80.25
1097,7.25,7.17,7,7.33,7.33,7,10,10,10,7.17,0.1,0,0,2,1600,80.25
1098,8,7.08,7,7.33,7.08,6.92,10,10,10,6.83,0.11,0,1,26,914.4,80.25
1099,7.42,7,7.08,7,7.17,7.33,10,10,10,7.25,0,0,0,1,4287,80.25
1100,7.08,6.92,7,7.25,7.5,7.25,10,10,10,7.25,0.11,0,0,2,900,80.25
1101,7.5,7.08,7.67,7.67,7.42,7.58,9.33,9.33,9.33,7.33,0.12,0,4,13,1775.030545,80.25
1102,7.42,8,7.83,7.75,8.08,7.58,8.67,8.67,8.67,7.58,0.1,0,0,0,1775.030545,80.25
1103,7.25,7.08,7.25,7.25,7.17,7.25,10,10,10,7,0.11,0,0,0,700,80.25
1104,7,7.17,7.33,7.33,7,7.17,10,10,10,7.25,0.11,0,1,12,1400,80.25
1105,7.58,7.33,7.17,7.25,6.75,7,10,10,10,7.17,0.11,0,2,8,808,80.25
1106,7.42,7.25,7.25,7.58,7.42,7.33,8.67,10,10,7.25,0,0,0,2,1550,80.17
1107,7.17,7.08,7.08,7.33,7.25,7.08,10,10,10,7.17,0.11,0,0,2,1187.5,80.17
1108,7.25,7.25,7,7.17,7.08,7.08,10,10,10,7.33,0.11,0,0,0,1400,80.17
1109,7.33,7.33,7,7.17,7.17,7.17,10,10,10,7,0.11,0,0,2,1310.64,80.17
1110,7.33,7.08,6.92,7.42,7.25,7.08,10,10,10,7.08,0.11,0,0,2,1250,80.17
1111,7.58,7.42,7.33,7.5,7.08,7.17,8.67,10,10,7.42,0.14,0,1,2,1550,80.17
1112,7.33,7.33,7.17,7.08,7.25,7,10,10,10,7,0.12,0,0,12,1000,80.17
1113,7.33,7.33,7,7.33,7,7,10,10,10,7.17,0.11,0,0,5,1310.64,80.17
1114,7.58,7.5,7.33,7.33,7.67,7.33,9.33,9.33,9.33,7.42,0.05,0,12,1,1775.030545,80.17
1115,7.17,7.17,7,7.17,7.25,7.25,10,10,10,7.08,0.11,0,0,5,1100,80.08
1116,7.42,7.25,7.25,7.17,7,7,10,10,10,7,0.07,0,0,0,850,80.08
1117,7.25,7.17,6.92,7.25,7.17,7.25,10,10,10,7.08,0.1,0,0,4,1775.030545,80.08
1118,7.25,7.25,7.25,7.25,7.08,7,10,10,10,7,0.11,0,0,0,200,80.08
1119,7.25,7.25,7.25,7,7.25,7.08,10,10,10,7,0.11,0,0,0,150,80.08
1120,7.25,7.25,7.25,7.08,7.17,7.08,10,10,10,7,0.11,0,0,0,250,80.08
1121,7.33,7.17,7.25,7.08,7.08,7.08,10,10,10,7.08,0.15,0,0,0,1300,80.08
1122,7.25,7.08,7,7.17,7.33,7.17,10,10,10,7.08,0.14,0,1,17,1300,80.08
1123,7.33,7.08,6.92,7.08,7.42,7.17,10,10,10,7,0.1,0,0,5,1250,80
1124,7.17,7.33,7,7.42,7.17,7,10,10,10,6.92,0,0,0,4,3845,80
1125,7.58,7.75,7.42,7.5,7.5,7.5,8.67,8.67,10,7.42,0,0,0,2,1400,80
1126,7.25,7.25,7.25,7,7.25,7,10,10,10,7,0.11,0,0,0,250,80
1127,7.33,6.67,7.08,7.42,7.42,7.08,10,10,10,7,0,0,0,0,800,80
1128,7.25,7.25,7.08,7.17,7.33,7.33,9.33,10,10,7.25,0.12,0,0,9,1250,80
1129,7.08,7.33,7,7.33,7.08,7,10,10,10,7.17,0.11,0,0,12,1100,80
1130,7.42,7.42,7.5,7.92,7.75,7.58,8.67,9.33,8.67,7.75,0.05,0,0,2,1775.030545,80
1131,7.83,7.67,7.58,7.75,7.83,7.17,6.67,10,10,7.42,0,0,0,1,1775.030545,79.92
1132,7.5,7,7,6.92,7.33,7.17,10,10,10,7,0.11,0,1,3,1775.030545,79.92
1133,7.33,7.08,7.08,7.33,7.42,7.17,9.33,10,10,7.17,0.12,0,0,4,1300,79.92
1134,7.17,7.17,6.92,7.25,7.33,7.08,10,10,10,7,0.12,0,1,7,1100,79.92
1135,7.5,7.17,7,7.17,7.25,7.08,10,10,10,6.75,0,0,0,0,1100,79.92
1136,7.17,7.08,7.08,7.08,7.5,7.33,9.33,10,10,7.33,0.11,0,0,3,1100,79.92
1137,7.33,7.25,7,7.42,7.17,7.17,9.33,10,10,7.25,0.12,0,0,6,1250,79.92
1138,7.17,7.33,7.08,7.58,7.33,7.08,10,9.33,10,7,0.11,0,0,0,1250,79.92
1139,7.5,7.42,7.58,7.42,7.5,7.58,8.67,8.67,10,7.58,0.05,0,3,0,1775.030545,79.92
1140,7,7.08,7,7.17,7.25,7.25,10,10,10,7.08,0.11,1,0,5,1500,79.83
1141,7.33,7.25,6.92,7.33,7.25,7.33,9.33,10,10,7.08,0.1,0,0,2,1700,79.83
1142,6.83,7.17,7.17,6.92,7.5,7.08,10,10,10,7.17,0.11,0,0,0,1250,79.83
1143,7.17,7.08,7,7.25,7.5,7,10,10,10,6.83,0.12,0,0,3,1300,79.83
1144,7.58,7.08,6.83,7.17,7.5,7.17,9.33,10,10,7.17,0.12,0,7,10,1775.030545,79.83
1145,7.5,7.42,7.25,7.58,7.33,7.42,9.33,9.33,9.33,7.25,0.1,4,0,1,190164,79.75
1146,7.75,7.33,7.17,7.33,7.67,7.83,9.33,9.33,8.67,7.33,0,0,0,0,1000,79.75
1147,7.08,7.08,7.25,7,7.17,7.17,10,10,10,7,0.1,0,0,0,600,79.75
1148,7.25,7.08,6.92,7.5,7.08,6.92,10,10,10,7,0.12,0,0,0,800,79.75
1149,7,7.08,7,7.25,7.5,7.42,9.33,10,10,7.17,0.12,0,1,2,1775.030545,79.75
1150,7.58,7.5,7.67,7.75,7.67,7.58,8,8,10,8,0.1,0,0,4,1100,79.75
1151,7.58,7.08,7,7,7.5,6.92,10,10,10,6.67,0.12,0,0,4,1400,79.75
1152,7.58,7.08,6.92,7.58,7.5,6.92,10,9.33,10,6.83,0.13,0,0,4,1022,79.75
1153,7.25,7.08,7,7.17,7.17,7.08,10,10,10,7,0.12,0,0,5,1300,79.75
1154,7.25,7.17,7.17,7.08,7.17,7,10,10,10,6.92,0.14,0,0,0,1450,79.75
1155,7.33,7.25,7,7.08,7.08,7,10,10,10,7,0.1,0,1,22,1050,79.75
1156,7.58,7.33,7.5,7.33,7,7.33,9.33,9.33,9.33,7.67,0,0,0,4,1775.030545,79.75
1157,7.25,6.83,6.92,7.08,7.25,7.08,10,10,10,7.33,0.12,0,0,7,1100,79.75
1158,7.42,7.42,7.25,7.58,7.42,7.33,9.33,9.33,9.33,7.25,0.1,2,0,1,1219.2,79.67
1159,7.25,7.08,7,6.83,7.33,7.17,10,10,10,7,0,0,0,12,1250,79.67
1160,6.92,7.17,6.83,7.42,7.17,7.08,10,10,10,7.08,0.12,0,0,0,800,79.67
1161,7.5,7,6.83,7.08,7.08,7.17,10,10,10,7,0.11,0,0,6,1310.64,79.67
1162,7.42,7.25,6.83,7.58,7.17,6.58,10,10,10,6.83,0.12,0,0,6,1400,79.67
1163,7.33,7.17,7,6.75,7.08,7,10,10,10,7.33,0.13,0,5,6,975,79.67
1164,6.92,7.17,7.17,7.17,7.08,7.08,10,10,10,7.08,0,0,0,9,1264,79.67
1165,7.17,7.17,7,7,7.25,6.92,10,10,10,7.17,0,0,1,0,1775.030545,79.67
1166,7.08,7,6.92,7.33,7.25,7.08,10,10,10,6.92,0.12,0,0,11,1250,79.58
1167,7.25,6.92,6.92,7.33,7.25,7,10,10,10,6.92,0.13,0,0,5,1550,79.58
1168,7.25,7.17,7,6.75,7.17,7.33,10,10,10,6.92,0.1,0,0,4,1800,79.58
1169,7.08,7,6.83,7.33,7.25,7,10,10,10,7.08,0.17,0,1,19,1325.88,79.58
1170,6.92,6.92,7,7.42,7.25,7,10,10,10,7,0.12,0,0,6,1050,79.5
1171,6.92,7,7.17,7,7.42,7,10,10,10,7,0,0,0,1,700,79.5
1172,7.83,7.5,7.42,7.42,7.67,7.5,10,6.67,10,7.5,0,0,0,2,1550,79.5
1173,7.25,7.08,6.92,7.25,7.58,7.08,9.33,10,10,7,0.12,0,1,20,1550,79.5
1174,7.25,7.33,7,7.25,7.17,7.17,9.33,10,10,7,0.12,0,0,5,1100,79.5
1175,7.08,7.33,7.25,7.58,7.33,7.42,9.33,9.33,9.33,7.42,0.1,0,0,2,1219.2,79.42
1176,7.25,7.33,6.83,7,7,7.17,10,10,10,6.83,0.1,0,1,4,1219.2,79.42
1177,7,6.83,6.83,7.42,7.33,7.17,10,10,10,6.83,0.13,0,0,30,800,79.42
1178,7.42,7.25,6.83,7,7.33,7.08,9.33,10,10,7.08,0.13,0,1,2,200,79.33
1179,7.42,7.25,6.75,7.25,7.42,7.25,9.33,9.33,10,7.33,0,0,0,3,1200,79.33
1180,7,7,6.83,7.33,7.42,6.92,10,10,10,6.83,0.14,0,0,23,950,79.33
1181,7.42,7.17,7.08,7.17,7.08,7.08,9.33,10,10,7,0.14,0,0,19,750,79.33
1182,7.17,6.5,6.33,7.25,7.58,7.33,10,10,10,7.17,0.11,0,0,6,1775.030545,79.33
1183,7.08,6.83,6.83,7.25,7.42,7.08,10,10,10,6.75,0.11,0,0,0,850,79.25
1184,7,7,6.92,7.17,7.17,7.08,10,10,10,6.92,0.13,0,0,10,1000,79.25
1185,7.33,7.42,7.33,7.42,7.5,7.42,8.67,9.33,9.33,7.42,0.1,0,0,0,1219.2,79.17
1186,7.58,7,6.75,6.92,7,6.92,10,10,10,7,0.11,0,0,5,1650,79.17
1187,7.08,7,6.92,7.42,7,6.92,10,10,10,6.83,0.11,8,0,6,1320,79.17
1188,7.25,7.17,6.75,7.25,7,6.92,10,10,10,6.83,0.11,0,0,6,1550,79.17
1189,7.17,7.42,7.5,8,7.25,7.83,10,10,6.67,7.33,0.1,0,5,20,1775.030545,79.17
1190,7.25,7.08,6.92,7.08,7.17,7.17,9.33,10,10,7.17,0.14,0,0,8,1550,79.17
1191,7.17,6.92,6.92,7.08,7.17,7,10,10,10,6.92,0.14,0,0,34,1450,79.17
1192,6.75,6.75,6.83,7.25,7.58,7.08,10,10,10,6.92,0.01,0,0,8,1200,79.17
1193,7.58,7.67,7.42,7.42,7.67,7.67,8.67,8.67,8.67,7.67,0.1,0,0,1,1700,79.08
1194,7.42,7.08,6.75,7.33,7.33,6.92,10,9.33,10,6.92,0.13,0,0,0,853.44,79.08
1195,7.33,7,6.92,7.25,7.33,7.08,9.33,10,10,6.83,0.16,0,0,2,1500,79.08
1196,7.25,7.08,6.75,7.33,7.42,7,9.33,10,10,6.92,0.11,0,0,45,1100,79.08
1197,7.17,7.25,7.25,7.17,7.25,7.08,9.33,9.33,10,7.25,0.1,0,0,0,1200,79.08
1198,6.75,6.75,6.42,6.83,7.58,7.5,10,10,10,7.25,0.1,0,0,3,1775.030545,79.08
1199,7.33,7.17,6.58,7.42,7.08,6.83,10,10,10,6.58,0.12,0,0,3,1219.2,79
1200,7,7,7,7,7,7,10,10,10,7,0.11,0,0,12,1350,79
1201,7.67,7.17,7.08,7.25,8,7.5,8.67,9.33,9.33,7,0,0,0,4,1400,79
1202,6.75,7.08,6.67,7.25,7.17,7.08,10,10,10,7,0.12,0,0,12,1300,79
1203,7.5,7.17,6.92,7.5,7.25,7,8.67,10,10,7,0.14,0,3,17,1550,79
1204,7.17,6.83,6.83,7.25,7.17,6.92,10,10,10,6.83,0.14,0,7,38,12,79
1205,7.33,7,6.75,7.08,7.17,7.25,9.33,10,10,7,0.12,0,0,8,1300,78.92
1206,7.5,7,6.92,7.08,6.92,6.75,10,10,10,6.75,0.16,0,0,0,1400,78.92
1207,7.17,7,6.92,7,7,7,10,10,10,6.75,0.1,2,0,4,1100,78.83
1208,7.5,6.92,6.92,7.25,7.58,7.42,9.33,9.33,9.33,7.17,0.12,0,5,8,1775.030545,78.75
1209,7.33,7.08,6.33,7.25,7,7,10,10,10,6.75,0.12,0,1,8,1310.64,78.75
1210,7.25,6.83,6.83,7,7.17,7,10,10,10,6.67,0.14,0,0,0,1320,78.75
1211,7.25,7.33,7.17,7.25,7.08,7,8.67,10,10,7,0.14,0,0,0,1250,78.75
1212,7.67,7.17,6.83,7.33,7.58,7.17,9.33,10,8.67,7,0.12,0,0,0,1350,78.75
1213,7,6.92,6.83,7.17,7.17,7.17,10,10,9.33,7.08,0,0,0,5,1850,78.67
1214,6.92,6.92,6.67,7.25,7.17,6.92,10,10,10,6.83,0.13,0,0,2,1150,78.67
1215,7.08,7,6.75,6.83,7.08,6.92,10,10,10,6.92,0.1,5,1,7,1775.030545,78.58
1216,6.83,7.08,6.92,6.75,7.25,7.08,10,10,10,6.67,0.11,0,1,1,1775.030545,78.58
1217,7.33,7.17,6.92,7.58,7.25,7.17,8.67,9.33,10,7.17,0.12,0,0,3,1219.2,78.58
1218,6.83,6.75,7.17,7.25,7,6.92,10,10,10,6.67,0.1,0,0,0,800,78.58
1219,7,7,6.75,7.33,6.92,6.92,10,10,10,6.67,0.13,0,0,1,1400,78.58
1220,7.92,7.58,7.58,7.92,7.92,7.5,8,6.67,10,7.5,0.1,0,0,1,1300,78.58
1221,7.92,6.83,7.08,7.42,6.75,7.33,8.67,9.33,10,7.25,0,0,0,0,1775.030545,78.58
1222,7.25,6.75,6.92,6.92,7.25,7.58,9.33,9.33,10,7.17,0,0,0,0,1600,78.5
1223,7.08,6.83,6.83,7,7,6.92,10,10,10,6.83,0.12,0,0,14,1400,78.5
1224,7.25,7.17,7,6.83,7.58,7.08,8.67,10,10,6.92,0.13,0,1,3,1200,78.5
1225,6.83,7,6.92,7.08,6.92,6.83,10,10,10,6.83,0.12,0,3,4,1775.030545,78.42
1226,7.58,7.17,7,7.17,7.33,7,8,10,10,7.17,0.14,0,0,0,1500,78.42
1227,7.5,7.75,7.58,7.83,7.92,7.92,7.33,8,8.67,7.83,0.1,0,0,0,1775.030545,78.33
1228,7.17,6.5,6.67,7,7.17,7.17,10,10,10,6.67,0.1,0,0,2,1219.2,78.33
1229,7.17,7.17,6.5,7.17,7,6.83,10,10,10,6.5,0.11,0,1,4,1310.64,78.33
1230,7.25,7.25,7,7.5,7.33,7.42,8,9.33,10,7.75,0.13,0,31,47,1300,78.33
1231,7.17,6.08,6.17,7.25,7.33,7.33,10,10,10,7,0.11,0,0,9,1775.030545,78.33
1232,7.5,7.5,7.33,7.58,7.5,7.42,8.67,8.67,8.67,7.42,0.11,0,2,8,1775.030545,78.25
1233,7.42,7.33,7.33,7.5,7.67,7.75,8,8.67,9.33,7.25,0.11,0,4,31,1775.030545,78.25
1234,6.92,6.83,6.92,6.92,6.92,6.83,10,10,10,6.83,0.13,0,0,1,1300,78.17
1235,7.08,6.83,6.67,7.25,7.25,6.92,10,9.33,10,6.75,0.11,0,0,3,1050,78.08
1236,7.5,7.08,7.33,7.17,7.5,7.5,6.67,10,10,7.25,0,0,3,4,650,78
1237,6.83,7,6.67,7,7,6.83,10,10,10,6.67,0.11,0,2,6,1350,78
1238,7.58,7.33,7.5,7.42,7.5,7.33,8,8.67,9.33,7.33,0.12,0,2,3,1775.030545,78
1239,7.42,7.25,6.83,7.33,7,6.92,9.33,9.33,9.33,7.25,0.1,0,1,2,1219.2,78
1240,7.33,7.17,6.92,7.08,7.33,7,9.33,9.33,9.33,7.17,0.1,0,0,28,1200,78
1241,7,6.83,6.83,7.17,6.67,6.83,10,10,10,6.67,0.11,0,3,9,1310.64,78
1242,7.25,7.33,7,7,7.25,7.08,10,10,8,7.08,0.12,0,2,7,850,78
1243,7.42,7.17,7,7.17,7.67,7.17,8.67,9.33,9.33,7.08,0.1,0,1,3,1775.030545,78
1244,7.5,7.25,7.42,7,7.08,6.83,8.67,9.33,10,6.83,0.12,0,2,4,1200,77.92
1245,7.42,7.25,7,7,7.25,7.08,8,10,10,6.92,0.11,0,0,3,1248,77.92
1246,7.17,6.17,6.17,7.08,7.33,6.83,10,10,10,7.17,0.11,0,0,7,1775.030545,77.92
1247,7.42,7,7,7.17,7.08,7,9.33,8.67,10,7.17,0.1,0,0,0,1000,77.83
1248,7,6.75,6.67,6.83,7.08,6.83,10,10,10,6.67,0.11,0,0,2,1775.030545,77.83
1249,7,6.83,6.67,7.17,6.83,6.83,10,10,10,6.5,0.11,0,0,2,1310.64,77.83
1250,7.17,6.75,6.58,7.33,7.33,7.17,9.33,9.33,10,6.67,0.11,0,0,0,775,77.67
1251,7.58,7.67,7.58,7.67,7.42,7.42,9.33,9.33,6,7.58,0.12,0,1,5,1775.030545,77.58
1252,7.17,6.75,6.58,6.75,6.83,6.75,10,10,10,6.67,0.13,0,0,3,1300,77.5
1253,7.08,6.92,6.33,7,6.92,7,10,10,10,6.17,0.11,0,2,15,1310.64,77.42
1254,7.5,7.33,7.42,7.58,7.58,6.92,8,8,10,7,0,0,0,3,890,77.33
1255,7.33,7,6.83,7.17,7.17,7.17,9.33,9.33,9.33,6.67,0.1,0,1,2,1219.2,77.33
1256,7.33,7,6.67,7,6.92,6.92,9.33,9.33,10,6.83,0.15,0,4,5,1500,77.33
1257,6.83,6.83,6.83,6.75,6.92,6.92,9.33,10,10,6.83,0.1,0,0,1,825,77.25
1258,7.08,6.92,6.83,6.67,7.58,7.42,8.67,9.33,10,6.75,0.12,0,1,5,1775.030545,77.25
1259,7.08,7,7,7.25,7.33,7.25,8.67,8.67,10,6.92,0.12,0,1,11,1200,77.17
1260,7.42,7.75,7.42,7.67,7.92,7.83,8.67,5.33,9.33,7.67,0,0,7,9,1200,77
1261,7.67,7.33,7.17,6.67,7.17,7.42,9.33,10,6.67,7.42,0,7,0,0,1775.030545,76.83
1262,6.67,6.33,6.42,6.83,7,6.92,10,10,10,6.58,0,0,0,0,1200,76.75
1263,6.42,6.5,6.5,7.33,6.33,6.92,10,10,10,6.5,0.12,0,0,4,1775.030545,76.5
1264,7.17,6.58,6.58,7,7.25,6.58,9.33,9.33,10,6.58,0.13,0,0,14,1100,76.42
1265,7.5,7,6.83,7.5,7.17,7.33,8.67,8.67,8.67,7,0.11,0,0,8,1310.64,76.33
1266,6.17,6.5,6.5,7.17,7,6.83,10,10,10,6.17,0.11,0,0,5,1775.030545,76.33
1267,7.25,7.08,6.83,7.17,7.33,6.83,8.67,8.67,9.33,7.08,0,0,0,0,1775.030545,76.25
1268,7.5,7.33,7.33,7.58,7.67,7.25,8,8,8,7.5,0,0,0,3,1775.030545,76.17
1269,7.42,7,6.83,7.08,6.92,6.83,7.33,10,10,6.75,0.16,0,2,4,1400,76.17
1270,7.33,7,6.5,6.08,7.58,6.33,9.33,10,9.33,6.67,0.12,0,4,26,3500,76.17
1271,7.08,6.83,6.83,7.17,7.17,7.08,10,7.33,10,6.58,0.12,0,0,12,1250,76.08
1272,6.83,6.83,6.67,6.83,7,6.83,9.33,8.67,10,7,0.11,0,0,7,1350,76
1273,6.83,6.5,6.5,6.92,6.75,7,9.33,10,9.33,6.67,0.12,0,0,2,1000,75.83
1274,7.17,7,6.83,7.5,7.17,7,8,8,10,7,0.11,1,0,6,1775.030545,75.67
1275,7.92,7.58,7.17,7.58,7.33,7.17,8,8,8,6.83,0.11,0,0,15,1310.64,75.58
1276,6.67,6.5,6.33,7,7.17,6.75,8.67,10,10,6.5,0.12,0,0,10,1775.030545,75.58
1277,7.5,7.25,6.92,7,7.17,6.83,8,8,10,6.83,0.11,0,4,20,1100,75.5
1278,7.17,6.92,6.67,6.83,7.25,7.75,10,6,10,6.58,0.11,0,0,20,1200,75.17
1279,7.25,6.83,6.67,7.08,7.17,6.83,10,6.67,10,6.67,0.12,0,0,8,1100,75.17
1280,7.17,7.17,6.83,7.17,7.42,6.67,8.67,7.33,10,6.75,0.13,0,23,29,1280,75.17
1281,7,6.92,6.75,6.92,7.17,6.83,10,6.67,10,6.75,0.14,0,15,7,850,75
1282,7.08,6.75,6.58,7,7,6.75,8.67,8.67,10,6.42,0.17,0,0,6,1500,74.92
1283,7.33,6.75,6.67,7.25,7.5,7,10,5.33,10,7,0.12,0,0,30,1250,74.83
1284,6.75,6.5,6.17,7,7.25,6.75,8,10,10,6.33,0.11,0,0,8,1775.030545,74.75
1285,6.75,6.67,6.17,7.17,7,6.58,8,10,10,6.42,0.11,0,0,10,1775.030545,74.75
1286,7.08,7,6.83,7.5,7.33,6.83,8,7.33,10,6.75,0.12,0,0,7,1700,74.67
1287,7.5,7.25,7,7.25,7.42,7.33,8,8.67,6.67,7.33,0,0,1,2,1775.030545,74.42
1288,6.5,6.33,6.5,7.5,7.33,6.83,8.67,10,8.67,6,0.11,0,1,1,1310.64,74.33
1289,7,6.58,6.67,6.83,7.08,6.83,10,6.67,10,6.67,0.14,0,3,11,1140,74.33
1290,6.92,6.42,6.17,7.33,7.25,6.75,10,6.67,10,6.5,0.13,0,0,27,1200,74
1291,7.67,7,7.17,7.58,7.33,7.33,10,2.67,10,7.08,0.12,0,0,19,1250,73.83
1292,7.17,7.17,7.17,7.58,7.67,6.92,9.33,6.67,6.67,7.33,0,0,9,17,1775.030545,73.67
1293,7.25,6.58,6.58,7,7,6.42,8,8,10,6.67,0.11,1,0,0,1775.030545,73.5
1294,7,7.17,6.83,7.17,7,7.17,8,8,8,7.08,0.11,0,1,16,1350,73.42
1295,7.08,7.08,6.92,7.08,6.92,6.92,8,8,8,6.92,0,0,1,1,1200,72.92
1296,8,7.33,7.75,7.33,7.42,7.67,6.67,6.67,6.67,7.33,0,0,0,15,1775.030545,72.83
1297,6.92,6.92,6.92,7.5,7.58,7.17,6.67,6.67,9.33,6.92,0.11,0,5,9,1775.030545,72.58
1298,6.92,6.75,7.08,7.17,7.33,6.67,10,5.33,8.67,6.42,0.08,0,1,0,1020,72.33
1299,6.33,6.5,6.33,6.83,6.33,6.5,10,6.67,10,6.25,0.11,0,0,7,1200,71.75
1300,6.92,6.92,6.92,6.92,7.17,7,10,2.67,10,6.58,0.12,0,4,24,800,71.08
1301,6.5,6.67,6.42,7.17,7.33,6.5,8,6,10,6.42,0.11,0,0,0,1800,71
1302,6.92,7,6.83,6.92,7.42,6.92,6,6,10,6.75,0.12,0,0,1,1000,70.75
1303,7,7,6.83,7,7.33,6.83,6,6,10,6.67,0.11,1,0,55,1775.030545,70.67
1304,6.67,6.5,6.17,6.67,6.83,6.17,8,8,8,6.33,0.1,0,0,4,1450,69.33
1305,7,6.17,6.17,6.67,6.5,6.17,8,8,8,6.5,0.1,0,0,3,1450,69.17
1306,7,6.33,6.17,6.5,6.67,6.17,8,8,8,6.33,0.1,0,0,4,1450,69.17
1307,7.08,6.83,6.25,7.42,7.25,6.75,10,0,10,6.75,0.11,0,0,20,900,68.33
1308,6.75,6.58,6.42,6.67,7.08,6.67,9.33,6,6,6.42,0.14,0,8,16,350,67.92
1309,7.25,6.58,6.33,6.25,6.42,6.08,6,6,6,6.17,0.13,0,1,5,1100,63.08
1310,7.5,6.67,6.67,7.67,7.33,6.67,8,1.33,1.33,6.67,0.1,0,0,4,1417.32,59.83
1311,0,0,0,0,0,0,0,0,0,0,0.12,0,0,2,1400,0
1312,7.83,8.08,7.75,7.92,8.25,7.92,10,10,8,8,0.12,0,0,2,1488,83.75
1313,8,7.75,7.92,8,7.92,7.92,10,10,8,8,0,0,0,2,3170,83.5
1314,7.92,7.83,7.92,8,7.83,7.92,10,10,7.83,8,0,0,0,0,1000,83.25
1315,8,7.92,7.92,7.75,7.83,7.75,10,10,7.75,8.08,0.12,0,0,7,1212,83
1316,8.33,7.83,7.83,7.75,8.25,7.75,10,10,7.58,7.67,0.12,0,0,3,1250,83
1317,8,7.92,7.67,8,7.75,7.92,10,10,7.75,7.75,0,0,0,0,3000,82.75
1318,7.67,7.75,7.83,7.83,7.92,7.75,10,10,8,7.83,0,0,0,0,750,82.58
1319,7.67,7.75,7.83,7.67,7.92,7.83,10,10,7.92,7.92,0.1,0,0,0,3140,82.5
1320,7.67,7.75,7.58,7.83,7.83,8,10,10,7.92,7.92,0.09,0,0,0,1000,82.5
1321,7.67,7.83,7.83,7.83,7.92,7.75,10,10,7.75,7.83,0.12,0,0,6,1100,82.42
1322,7.58,7.92,7.75,7.83,7.5,7.67,10,10,7.67,7.83,0.12,0,0,1,1095,81.75
1323,7.67,7.83,7.75,7.5,7.75,7.58,10,10,7.75,7.75,0.11,0,0,0,1000,81.58
1324,7.58,7.58,7.67,7.58,7.67,7.67,10,10,7.5,8.33,0,0,0,1,750,81.58
1325,8,7.75,7.75,7.58,7.67,7.5,10,10,7.58,7.67,0.11,0,0,7,1367,81.5
1326,8,7.67,7.75,7.5,7.67,7.58,10,10,7.58,7.75,0.12,0,0,2,1488,81.5
1327,7.75,7.75,7.67,7.67,7.58,7.58,10,10,7.58,7.83,0,0,0,0,1000,81.42
1328,7.5,7.5,7.25,7.83,7.67,7.83,10,10,7.83,7.83,0.13,0,0,0,750,81.25
1329,7.33,7.58,7.5,7.75,7.75,7.67,10,10,7.75,7.58,0.12,0,0,1,1600,80.92
1330,7.83,7.58,7.33,7.67,7.5,7.5,10,10,7.75,7.42,0.12,0,0,2,1745,80.58
1331,7.75,7.42,7.33,7.58,7.67,7.58,10,10,7.67,7.5,0.12,0,0,1,1200,80.5
1332,7.67,7.67,7.5,7.33,7.58,7.5,10,10,7.42,7.5,0,0,0,1,750,80.17
1333,7.58,7.42,7.42,7.83,7.42,7.5,10,10,7.42,7.58,0,0,0,0,750,80.17
1334,7.92,7.5,7.42,7.42,7.42,7.42,9.33,10,7.58,7.33,0,0,0,0,3000,79.33
1335,7.75,7.58,7.33,7.58,5.08,7.83,10,10,7.75,7.83,0,0,0,1,1775.030545,78.75
1336,7.5,7.67,7.75,7.75,5.17,5.25,10,10,8.42,8.58,0,0,0,0,40,78.08
1337,7.33,7.33,7.17,7.42,7.5,7.17,9.33,9.33,7.42,7.17,0,0,0,6,795,77.17
1338,7.42,6.83,6.75,7.17,7.25,7,9.33,9.33,7.08,6.92,0.1,0,20,1,1775.030545,75.08
1339,6.75,6.67,6.5,6.83,6.92,6.83,9.33,9.33,6.67,7.92,0.12,0,63,9,1775.030545,73.75
